Country,Victims citizens,Year,Count
Austria,Afghanistan,2013,1
Austria,Albania,2007,1
Austria,Albania,2015,53
Austria,Austria,2007,6
Austria,Austria,2008,6
Austria,Austria,2009,3
Austria,Austria,2010,3
Austria,Austria,2011,44
Austria,Austria,2012,1
Austria,Austria,2013,1
Austria,Austria,2014,70
Austria,Austria,2016,52
Austria,Austria,2017,23
Austria,Bosnia and Herzegovina,2014,2
Austria,Bosnia and Herzegovina,2015,1
Austria,Brazil,2014,2
Austria,Bulgaria,2007,23
Austria,Bulgaria,2008,26
Austria,Bulgaria,2009,29
Austria,Bulgaria,2010,30
Austria,Bulgaria,2011,8
Austria,Bulgaria,2012,10
Austria,Bulgaria,2013,5
Austria,Bulgaria,2014,22
Austria,Bulgaria,2015,6
Austria,Bulgaria,2016,8
Austria,Bulgaria,2017,9
Austria,China,2010,5
Austria,China,2012,2
Austria,China,2013,1
Austria,China,2015,2
Austria,China,2016,14
Austria,Colombia,2010,1
Austria,Croatia,2010,1
Austria,Croatia,2015,2
Austria,Croatia,2016,1
Austria,Croatia,2017,1
Austria,Czechia,2008,7
Austria,Czechia,2009,7
Austria,Czechia,2010,6
Austria,Czechia,2012,2
Austria,Czechia,2014,5
Austria,Czechia,2015,2
Austria,Czechia,2016,1
Austria,Democratic People's Republic of Korea,2013,1
Austria,Ethiopia,2016,1
Austria,Georgia,2016,1
Austria,Germany,2011,2
Austria,Germany,2014,1
Austria,Germany,2016,1
Austria,Hungary,2007,10
Austria,Hungary,2008,14
Austria,Hungary,2009,19
Austria,Hungary,2010,20
Austria,Hungary,2011,9
Austria,Hungary,2012,3
Austria,Hungary,2013,5
Austria,Hungary,2014,17
Austria,Hungary,2015,27
Austria,Hungary,2016,9
Austria,Hungary,2017,5
Austria,India,2014,1
Austria,India,2015,4
Austria,Indonesia,2012,1
Austria,Indonesia,2014,1
Austria,Indonesia,2015,1
Austria,Italy,2014,2
Austria,Italy,2016,1
Austria,Kenya,2014,1
Austria,Lithuania,2007,5
Austria,Nigeria,2007,6
Austria,Syrian Arab Republic,2007,1
Austria,Romania,2007,33
Austria,Republic of Moldova,2007,6
Austria,Slovakia,2007,8
Austria,Ukraine,2007,10
Austria,Russian Federation,2007,5
Belgium,Brazil,2007,18
Belgium,Cameroon,2007,4
Belgium,Ghana,2007,1
Belgium,Benin,2007,2
Belgium,Nigeria,2007,4
Belgium,Chad,2007,1
Belgium,Burkina Faso,2007,2
Belgium,Thailand,2007,1
Belgium,Eritrea,2007,1
Belgium,Viet Nam,2007,2
Belgium,India,2007,1
Belgium,Jordan,2007,4
Belgium,Morocco,2007,8
Belgium,China,2007,7
Belgium,Albania,2007,2
Belgium,Romania,2007,14
Belgium,France,2007,1
Belgium,Czechia,2007,1
Belgium,Ukraine,2007,2
Belgium,Belgium,2007,1
Belgium,Poland,2007,1
Cyprus,Paraguay,2007,2
Cyprus,Philippines,2007,12
Cyprus,Dominican Republic,2007,4
Cyprus,Viet Nam,2007,2
Cyprus,Morocco,2007,4
Cyprus,Republic of Moldova,2007,8
Cyprus,Hungary,2007,4
Cyprus,Ukraine,2007,8
Cyprus,Belarus,2007,1
Cyprus,Russian Federation,2007,5
Denmark,Brazil,2007,1
Denmark,Ghana,2007,1
Denmark,Nigeria,2007,11
Denmark,Thailand,2007,1
Denmark,Slovakia,2007,1
Denmark,Czechia,2007,1
Denmark,Poland,2007,1
Finland,Peru,2007,1
Finland,India,2007,1
Finland,Russian Federation,2007,3
Germany,Nigeria,2007,19
Germany,Bulgaria,2007,77
Germany,Romania,2007,66
Germany,Hungary,2007,31
Germany,Slovakia,2007,18
Germany,Czechia,2007,57
Germany,Poland,2007,56
Germany,Germany,2007,185
Germany,Lithuania,2007,17
Germany,Russian Federation,2007,38
Greece,Nigeria,2007,5
Greece,Sudan,2007,1
Greece,Albania,2007,1
Greece,Bulgaria,2007,25
Greece,Romania,2007,43
Greece,Republic of Moldova,2007,2
Greece,Ukraine,2007,3
Greece,Lithuania,2007,1
Greece,Russian Federation,2007,18
Hungary,Romania,2007,1
Hungary,Hungary,2007,27
Italy,Nigeria,2007,28
Italy,Thailand,2007,16
Italy,China,2007,22
Italy,Albania,2007,12
Italy,Italy,2007,31
Italy,Bulgaria,2007,79
Italy,Romania,2007,164
Italy,Poland,2007,7
Italy,Russian Federation,2007,7
Lithuania,Lithuania,2007,23
Malta,Ukraine,2007,1
Malta,Russian Federation,2007,6
Netherlands,Sierra Leone,2007,29
Netherlands,Nigeria,2007,104
Netherlands,Guinea,2007,15
Netherlands,Morocco,2007,13
Netherlands,China,2007,33
Netherlands,Bulgaria,2007,50
Netherlands,Romania,2007,28
Netherlands,Hungary,2007,15
Netherlands,Netherlands,2007,270
Netherlands,Poland,2007,14
Austria,Nigeria,2008,17
Austria,Philippines,2008,12
Austria,Romania,2008,26
Austria,Serbia,2008,3
Austria,Republic of Moldova,2008,8
Austria,Slovakia,2008,8
Austria,Ukraine,2008,12
Austria,Russian Federation,2008,6
Belgium,Brazil,2008,5
Belgium,Indonesia,2008,1
Belgium,Congo,2008,1
Belgium,Somalia,2008,1
Belgium,Ghana,2008,1
Belgium,Thailand,2008,3
Belgium,Philippines,2008,3
Belgium,India,2008,13
Belgium,Egypt,2008,1
Belgium,State of Palestine,2008,1
Belgium,Iraq,2008,4
Belgium,Morocco,2008,12
Belgium,China,2008,5
Belgium,Uzbekistan,2008,1
Belgium,Georgia,2008,1
Belgium,Bulgaria,2008,2
Belgium,Romania,2008,2
Belgium,Slovakia,2008,2
Belgium,Ukraine,2008,1
Belgium,Poland,2008,5
Cyprus,Philippines,2008,3
Cyprus,Dominican Republic,2008,16
Cyprus,Viet Nam,2008,1
Cyprus,Syrian Arab Republic,2008,2
Cyprus,Morocco,2008,1
Cyprus,Uzbekistan,2008,4
Cyprus,Romania,2008,13
Cyprus,Republic of Moldova,2008,10
Cyprus,Ukraine,2008,2
Cyprus,Russian Federation,2008,6
Denmark,Brazil,2008,3
Denmark,Uganda,2008,2
Denmark,Ethiopia,2008,1
Denmark,Nigeria,2008,15
Denmark,Thailand,2008,2
Denmark,Nepal,2008,1
Denmark,Romania,2008,1
Denmark,Slovenia,2008,1
Denmark,Latvia,2008,2
Finland,Somalia,2008,1
Finland,Ethiopia,2008,1
Finland,Nigeria,2008,1
Finland,Thailand,2008,6
Finland,Iraq,2008,1
Finland,Pakistan,2008,1
Finland,China,2008,2
Finland,Romania,2008,1
Finland,Estonia,2008,1
Finland,Finland,2008,1
France,Brazil,2008,46
France,Cameroon,2008,40
France,Ghana,2008,13
France,Nigeria,2008,62
France,Morocco,2008,29
France,Algeria,2008,52
France,China,2008,90
France,Bulgaria,2008,51
France,Romania,2008,95
France,France,2008,207
France,Poland,2008,12
France,Russian Federation,2008,17
Germany,Nigeria,2008,25
Germany,Turkey,2008,18
Germany,Bulgaria,2008,120
Germany,Bosnia and Herzegovina,2008,19
Germany,Romania,2008,136
Germany,Hungary,2008,36
Germany,Slovakia,2008,10
Germany,Czechia,2008,14
Germany,Poland,2008,41
Germany,Germany,2008,194
Greece,Nigeria,2008,2
Greece,Albania,2008,5
Greece,Bulgaria,2008,23
Greece,Romania,2008,25
Greece,Ukraine,2008,1
Greece,Lithuania,2008,1
Greece,Russian Federation,2008,19
Hungary,Romania,2008,2
Hungary,Hungary,2008,8
Italy,Former Yugoslavia,2008,15
Italy,Nigeria,2008,273
Italy,Pakistan,2008,22
Italy,Morocco,2008,14
Italy,China,2008,26
Italy,Italy,2008,23
Italy,Bulgaria,2008,11
Italy,Romania,2008,80
Italy,Slovakia,2008,8
Latvia,Thailand,2008,3
Latvia,Latvia,2008,5
Lithuania,Lithuania,2008,25
Netherlands,Former Yugoslavia,2008,1
Netherlands,Chile,2008,2
Netherlands,Zimbabwe,2008,1
Netherlands,Brazil,2008,13
Netherlands,Angola,2008,5
Netherlands,United Republic of Tanzania,2008,1
Netherlands,Indonesia,2008,1
Netherlands,Congo,2008,3
Netherlands,Kenya,2008,3
Netherlands,Uganda,2008,1
Netherlands,Somalia,2008,3
Netherlands,Cameroon,2008,11
Netherlands,Colombia,2008,5
Netherlands,Ghana,2008,9
Netherlands,Suriname,2008,4
Netherlands,Togo,2008,1
Netherlands,Liberia,2008,3
Netherlands,Benin,2008,1
Netherlands,Sierra Leone,2008,44
Netherlands,Nigeria,2008,64
Netherlands,Guinea,2008,20
Netherlands,Venezuela (Bolivarian Republic of),2008,2
Netherlands,Trinidad and Tobago,2008,1
Netherlands,Guinea-Bissau,2008,1
Netherlands,Gambia,2008,4
Netherlands,Thailand,2008,12
Netherlands,Philippines,2008,6
Netherlands,Cabo Verde,2008,1
Netherlands,Cote d'Ivoire,2008,3
Netherlands,Sudan,2008,2
Netherlands,Dominican Republic,2008,1
Netherlands,Viet Nam,2008,2
Netherlands,China Taiwan Province of China,2008,4
Netherlands,India,2008,13
Netherlands,Egypt,2008,2
Netherlands,Morocco,2008,10
Netherlands,Afghanistan,2008,1
Netherlands,Iran (Islamic Republic of),2008,1
Netherlands,Portugal,2008,2
Netherlands,Turkey,2008,1
Netherlands,China,2008,78
Netherlands,Armenia,2008,2
Netherlands,Albania,2008,2
Netherlands,Georgia,2008,3
Netherlands,Bulgaria,2008,32
Netherlands,Bosnia and Herzegovina,2008,1
Netherlands,Romania,2008,19
Netherlands,Serbia,2008,1
Netherlands,Canada,2008,1
Netherlands,Hungary,2008,45
Netherlands,Mongolia,2008,4
Netherlands,Slovakia,2008,7
Netherlands,France,2008,1
Netherlands,Czechia,2008,7
Netherlands,Ukraine,2008,5
Netherlands,Netherlands,2008,320
Netherlands,Poland,2008,6
Netherlands,Germany,2008,7
Netherlands,Belarus,2008,1
Netherlands,Lithuania,2008,8
Netherlands,Russian Federation,2008,5
Portugal,Mozambique,2008,15
Portugal,Brazil,2008,13
Portugal,Portugal,2008,4
Portugal,Romania,2008,8
Portugal,Ukraine,2008,1
Romania,Colombia,2008,1
Romania,Honduras,2008,13
Romania,Romania,2008,157
Romania,Republic of Moldova,2008,3
Romania,France,2008,1
Slovakia,Slovakia,2008,17
Slovenia,Iran (Islamic Republic of),2008,1
Slovenia,Albania,2008,3
Slovenia,Romania,2008,1
Slovenia,Slovenia,2008,10
Slovenia,Ukraine,2008,8
Slovenia,Germany,2008,1
Austria,Nigeria,2009,28
Austria,Philippines,2009,11
Austria,The former Yugoslav Republic of Macedonia,2009,1
Austria,Romania,2009,23
Austria,Serbia,2009,5
Austria,Slovakia,2009,8
Austria,Ukraine,2009,7
Austria,Russian Federation,2009,6
Belgium,Mauritius,2009,1
Belgium,Brazil,2009,3
Belgium,Kenya,2009,1
Belgium,Colombia,2009,1
Belgium,Sierra Leone,2009,3
Belgium,Senegal,2009,1
Belgium,India,2009,4
Belgium,Iraq,2009,3
Belgium,Pakistan,2009,2
Belgium,Morocco,2009,9
Belgium,Iran (Islamic Republic of),2009,2
Belgium,Algeria,2009,1
Belgium,Tunisia,2009,1
Belgium,China,2009,3
Belgium,Albania,2009,1
Belgium,Bulgaria,2009,3
Belgium,Romania,2009,1
Belgium,Slovakia,2009,2
Belgium,France,2009,1
Belgium,Poland,2009,1
Belgium,Germany,2009,1
Belgium,Russian Federation,2009,2
Cyprus,Philippines,2009,8
Cyprus,Morocco,2009,3
Cyprus,Bulgaria,2009,3
Cyprus,Romania,2009,91
Cyprus,Republic of Moldova,2009,4
Cyprus,Hungary,2009,2
Cyprus,Ukraine,2009,2
Denmark,Uganda,2009,1
Denmark,Cameroon,2009,1
Denmark,Nigeria,2009,19
Denmark,Venezuela (Bolivarian Republic of),2009,1
Denmark,Thailand,2009,10
Denmark,Cote d'Ivoire,2009,1
Denmark,Portugal,2009,1
Denmark,Romania,2009,5
Denmark,Hungary,2009,2
Denmark,Slovakia,2009,1
Denmark,Czechia,2009,1
Denmark,Ukraine,2009,1
Denmark,Latvia,2009,2
Finland,Somalia,2009,4
Finland,Thailand,2009,11
Finland,India,2009,1
Finland,Russian Federation,2009,1
France,Brazil,2009,38
France,Sierra Leone,2009,20
France,Nigeria,2009,60
France,Morocco,2009,26
France,Algeria,2009,27
France,China,2009,17
France,Bulgaria,2009,64
France,Romania,2009,115
France,France,2009,279
France,Poland,2009,20
Germany,Nigeria,2009,34
Germany,Turkey,2009,27
Germany,Bulgaria,2009,147
Germany,Romania,2009,145
Germany,Hungary,2009,21
Germany,Slovakia,2009,17
Germany,Czechia,2009,14
Germany,Poland,2009,27
Germany,Germany,2009,176
Germany,Russian Federation,2009,9
Greece,Brazil,2009,1
Greece,Nigeria,2009,10
Greece,Greece,2009,2
Greece,Uzbekistan,2009,2
Greece,Albania,2009,5
Greece,Bulgaria,2009,35
Greece,Romania,2009,37
Greece,Republic of Moldova,2009,2
Greece,Hungary,2009,2
Greece,Slovakia,2009,6
Greece,Lithuania,2009,4
Greece,Russian Federation,2009,12
Hungary,Hungary,2009,9
Ireland,South Africa,2009,1
Ireland,Kenya,2009,2
Ireland,Cameroon,2009,1
Ireland,Ghana,2009,1
Ireland,Nigeria,2009,12
Ireland,Romania,2009,4
Ireland,Republic of Moldova,2009,1
Ireland,Slovakia,2009,1
Ireland,Poland,2009,1
Ireland,Latvia,2009,1
Italy,Nigeria,2009,48
Italy,Morocco,2009,11
Italy,China,2009,3
Italy,Albania,2009,5
Italy,Italy,2009,70
Italy,Bulgaria,2009,19
Italy,Romania,2009,112
Italy,Croatia,2009,7
Italy,Republic of Moldova,2009,4
Italy,Germany,2009,2
Latvia,Latvia,2009,12
Lithuania,Lithuania,2009,13
Lithuania,Latvia,2009,1
Netherlands,Former Yugoslavia,2009,1
Netherlands,South Africa,2009,1
Netherlands,Zimbabwe,2009,1
Netherlands,Brazil,2009,14
Netherlands,Angola,2009,4
Netherlands,United Republic of Tanzania,2009,1
Netherlands,Indonesia,2009,17
Netherlands,Congo,2009,5
Netherlands,Burundi,2009,1
Netherlands,Rwanda,2009,2
Netherlands,Uganda,2009,10
Netherlands,Malaysia,2009,2
Netherlands,Cameroon,2009,15
Netherlands,Colombia,2009,1
Netherlands,Ghana,2009,23
Netherlands,Togo,2009,4
Netherlands,Liberia,2009,5
Netherlands,Benin,2009,3
Netherlands,Sierra Leone,2009,35
Netherlands,Ethiopia,2009,1
Netherlands,Nigeria,2009,101
Netherlands,Guinea,2009,35
Netherlands,Venezuela (Bolivarian Republic of),2009,1
Netherlands,Gambia,2009,2
Netherlands,Niger,2009,1
Netherlands,Thailand,2009,5
Netherlands,Philippines,2009,1
Netherlands,Senegal,2009,1
Netherlands,Cote d'Ivoire,2009,6
Netherlands,Sudan,2009,3
Netherlands,Jamaica,2009,1
Netherlands,Mauritania,2009,1
Netherlands,Dominican Republic,2009,1
Netherlands,Viet Nam,2009,2
Netherlands,China Taiwan Province of China,2009,1
Netherlands,Nepal,2009,2
Netherlands,India,2009,6
Netherlands,Kuwait,2009,1
Netherlands,Egypt,2009,1
Netherlands,Iraq,2009,3
Netherlands,Pakistan,2009,3
Netherlands,Morocco,2009,15
Netherlands,Afghanistan,2009,2
Netherlands,Iran (Islamic Republic of),2009,2
Netherlands,Tunisia,2009,1
Netherlands,Portugal,2009,4
Netherlands,Turkey,2009,1
Netherlands,China,2009,37
Netherlands,Armenia,2009,3
Netherlands,Azerbaijan,2009,2
Netherlands,Spain,2009,1
Netherlands,Uzbekistan,2009,2
Netherlands,Albania,2009,4
Netherlands,Georgia,2009,1
Netherlands,The former Yugoslav Republic of Macedonia,2009,1
Netherlands,Bulgaria,2009,39
Netherlands,Kyrgyzstan,2009,1
Netherlands,Bosnia and Herzegovina,2009,1
Netherlands,Romania,2009,89
Netherlands,Serbia,2009,3
Netherlands,Canada,2009,1
Netherlands,Republic of Moldova,2009,1
Netherlands,Hungary,2009,47
Netherlands,Mongolia,2009,7
Netherlands,Slovakia,2009,1
Netherlands,Czechia,2009,3
Netherlands,Ukraine,2009,5
Netherlands,Netherlands,2009,240
Netherlands,Poland,2009,19
Netherlands,Germany,2009,3
Netherlands,Belarus,2009,1
Netherlands,Lithuania,2009,5
Netherlands,Russian Federation,2009,4
Netherlands,Latvia,2009,9
Portugal,Mozambique,2009,1
Portugal,Brazil,2009,5
Portugal,Portugal,2009,8
Portugal,Bulgaria,2009,1
Portugal,Romania,2009,1
Romania,Bulgaria,2009,1
Romania,Romania,2009,145
Slovakia,Slovakia,2009,25
Slovenia,Ghana,2009,1
Slovenia,Dominican Republic,2009,1
Slovenia,Slovenia,2009,2
Slovenia,Slovakia,2009,1
Slovenia,Ukraine,2009,1
Spain,Paraguay,2009,16
Spain,Brazil,2009,100
Spain,Colombia,2009,32
Spain,Nigeria,2009,39
Spain,Thailand,2009,8
Spain,Dominican Republic,2009,8
Spain,China,2009,27
Spain,Spain,2009,26
Spain,Bulgaria,2009,10
Spain,Romania,2009,86
Spain,Russian Federation,2009,46
United Kingdom,Swaziland,2009,1
United Kingdom,Zimbabwe,2009,17
United Kingdom,United Republic of Tanzania,2009,2
United Kingdom,Uganda,2009,16
United Kingdom,Sierra Leone,2009,14
United Kingdom,Nigeria,2009,98
United Kingdom,Viet Nam,2009,48
United Kingdom,India,2009,14
United Kingdom,China,2009,72
United Kingdom,Romania,2009,24
United Kingdom,Slovakia,2009,29
United Kingdom,Czechia,2009,21
United Kingdom,United Kingdom,2009,37
Austria,Nigeria,2010,54
Austria,Philippines,2010,23
Austria,Romania,2010,27
Austria,Serbia,2010,1
Austria,Slovakia,2010,7
Austria,Ukraine,2010,5
Austria,Russian Federation,2010,7
Cyprus,Cameroon,2010,2
Cyprus,Philippines,2010,5
Cyprus,Viet Nam,2010,12
Cyprus,Egypt,2010,5
Cyprus,Bulgaria,2010,11
Cyprus,Romania,2010,7
Cyprus,Republic of Moldova,2010,2
Cyprus,Ukraine,2010,2
Cyprus,Belarus,2010,2
Cyprus,Estonia,2010,2
Denmark,Zimbabwe,2010,1
Denmark,Brazil,2010,4
Denmark,Burundi,2010,1
Denmark,Uganda,2010,2
Denmark,Cameroon,2010,3
Denmark,Ghana,2010,1
Denmark,Liberia,2010,1
Denmark,Nigeria,2010,13
Denmark,Venezuela (Bolivarian Republic of),2010,1
Denmark,Thailand,2010,5
Denmark,Honduras,2010,1
Denmark,Eritrea,2010,1
Denmark,Dominican Republic,2010,1
Denmark,Viet Nam,2010,1
Denmark,Morocco,2010,1
Denmark,Portugal,2010,1
Denmark,Bulgaria,2010,2
Denmark,Romania,2010,5
Denmark,Slovakia,2010,1
Denmark,Czechia,2010,2
Denmark,Ukraine,2010,1
Denmark,Denmark,2010,1
Denmark,Latvia,2010,2
Finland,Namibia,2010,1
Finland,Congo,2010,1
Finland,Somalia,2010,6
Finland,Ghana,2010,1
Finland,Ethiopia,2010,1
Finland,Nigeria,2010,8
Finland,Burkina Faso,2010,2
Finland,Thailand,2010,1
Finland,Bangladesh,2010,5
Finland,India,2010,8
Finland,Ukraine,2010,5
Finland,Russian Federation,2010,2
Finland,Estonia,2010,1
Finland,Finland,2010,1
France,Argentina,2010,1
France,Paraguay,2010,2
France,Brazil,2010,52
France,Peru,2010,1
France,Ecuador,2010,10
France,Cameroon,2010,24
France,Colombia,2010,2
France,Liberia,2010,1
France,Sierra Leone,2010,9
France,Nigeria,2010,50
France,Venezuela (Bolivarian Republic of),2010,3
France,Thailand,2010,4
France,Senegal,2010,2
France,Cote d'Ivoire,2010,3
France,Dominican Republic,2010,5
France,Viet Nam,2010,1
France,Morocco,2010,25
France,Japan,2010,1
France,Algeria,2010,19
France,China,2010,39
France,Spain,2010,3
France,Bulgaria,2010,95
France,Romania,2010,127
France,Serbia,2010,2
France,Switzerland,2010,1
France,Republic of Moldova,2010,2
France,Hungary,2010,3
France,France,2010,189
France,Czechia,2010,1
France,Ukraine,2010,5
France,Belgium,2010,2
France,United Kingdom,2010,1
France,Poland,2010,9
France,Germany,2010,1
France,Denmark,2010,4
France,Russian Federation,2010,22
Germany,Kenya,2010,3
Germany,Malaysia,2010,3
Germany,Colombia,2010,2
Germany,Togo,2010,1
Germany,Benin,2010,2
Germany,Sri Lanka,2010,1
Germany,Sierra Leone,2010,4
Germany,Nigeria,2010,46
Germany,Guinea,2010,1
Germany,Thailand,2010,2
Germany,Senegal,2010,1
Germany,Sudan,2010,2
Germany,Viet Nam,2010,2
Germany,Cuba,2010,1
Germany,Lebanon,2010,1
Germany,Algeria,2010,2
Germany,Greece,2010,2
Germany,Turkey,2010,18
Germany,China,2010,32
Germany,Armenia,2010,1
Germany,The former Yugoslav Republic of Macedonia,2010,2
Germany,Bulgaria,2010,115
Germany,Romania,2010,131
Germany,Serbia,2010,5
Germany,Hungary,2010,53
Germany,Slovakia,2010,6
Germany,Czechia,2010,16
Germany,Ukraine,2010,6
Germany,Kazakhstan,2010,3
Germany,Poland,2010,32
Germany,Germany,2010,121
Germany,Belarus,2010,1
Germany,Lithuania,2010,5
Germany,Russian Federation,2010,7
Germany,Latvia,2010,8
Germany,Estonia,2010,1
Greece,Nigeria,2010,10
Greece,State of Palestine,2010,1
Greece,Pakistan,2010,1
Greece,Uzbekistan,2010,2
Greece,Albania,2010,6
Greece,Bulgaria,2010,25
Greece,Romania,2010,29
Greece,Serbia,2010,1
Greece,Republic of Moldova,2010,1
Greece,Lithuania,2010,3
Greece,Russian Federation,2010,13
Hungary,Hungary,2010,28
Ireland,South Africa,2010,2
Ireland,Mauritius,2010,3
Ireland,Zimbabwe,2010,3
Ireland,Kenya,2010,1
Ireland,Malaysia,2010,1
Ireland,Cameroon,2010,2
Ireland,Togo,2010,1
Ireland,Nigeria,2010,26
Ireland,Philippines,2010,1
Ireland,Cote d'Ivoire,2010,1
Ireland,Eritrea,2010,1
Ireland,Bangladesh,2010,5
Ireland,Morocco,2010,2
Ireland,China,2010,3
Ireland,Albania,2010,2
Ireland,Bulgaria,2010,1
Ireland,Romania,2010,11
Ireland,Ukraine,2010,1
Ireland,Poland,2010,2
Ireland,Ireland,2010,6
Ireland,Lithuania,2010,2
Ireland,Latvia,2010,1
Italy,Former Yugoslavia,2010,6
Italy,Brazil,2010,9
Italy,Nigeria,2010,34
Italy,Morocco,2010,4
Italy,Italy,2010,52
Italy,Bulgaria,2010,7
Italy,Romania,2010,71
Italy,Croatia,2010,3
Italy,Slovakia,2010,8
Italy,Poland,2010,10
Latvia,Latvia,2010,9
Lithuania,Lithuania,2010,15
Luxembourg,Brazil,2010,1
Luxembourg,Nigeria,2010,1
Luxembourg,Bulgaria,2010,1
Luxembourg,Romania,2010,1
Luxembourg,Ukraine,2010,1
Netherlands,Former Yugoslavia,2010,1
Netherlands,Madagascar,2010,1
Netherlands,Zimbabwe,2010,1
Netherlands,Brazil,2010,12
Netherlands,Zambia,2010,1
Netherlands,Peru,2010,1
Netherlands,Angola,2010,5
Netherlands,United Republic of Tanzania,2010,2
Netherlands,Indonesia,2010,4
Netherlands,Congo,2010,9
Netherlands,Burundi,2010,3
Netherlands,Rwanda,2010,1
Netherlands,Kenya,2010,6
Netherlands,Ecuador,2010,2
Netherlands,Uganda,2010,15
Netherlands,Gabon,2010,1
Netherlands,Somalia,2010,2
Netherlands,Malaysia,2010,2
Netherlands,Cameroon,2010,11
Netherlands,Colombia,2010,1
Netherlands,Ghana,2010,21
Netherlands,Suriname,2010,6
Netherlands,Togo,2010,2
Netherlands,Liberia,2010,3
Netherlands,Benin,2010,1
Netherlands,Sri Lanka,2010,2
Netherlands,Sierra Leone,2010,36
Netherlands,Ethiopia,2010,1
Netherlands,Nigeria,2010,130
Netherlands,Guinea,2010,26
Netherlands,Venezuela (Bolivarian Republic of),2010,2
Netherlands,Gambia,2010,5
Netherlands,Thailand,2010,3
Netherlands,Philippines,2010,2
Netherlands,Guatemala,2010,2
Netherlands,Senegal,2010,1
Netherlands,Eritrea,2010,1
Netherlands,Sudan,2010,1
Netherlands,Jamaica,2010,1
Netherlands,Mauritania,2010,1
Netherlands,Dominican Republic,2010,2
Netherlands,Cuba,2010,1
Netherlands,Nepal,2010,3
Netherlands,India,2010,7
Netherlands,Iraq,2010,3
Netherlands,Syrian Arab Republic,2010,1
Netherlands,Pakistan,2010,1
Netherlands,Morocco,2010,18
Netherlands,Afghanistan,2010,1
Netherlands,Iran (Islamic Republic of),2010,3
Netherlands,Democratic People's Republic of Korea,2010,1
Netherlands,Turkey,2010,4
Netherlands,China,2010,23
Netherlands,Armenia,2010,6
Netherlands,Azerbaijan,2010,2
Netherlands,Spain,2010,1
Netherlands,Albania,2010,2
Netherlands,Georgia,2010,1
Netherlands,Italy,2010,1
Netherlands,Bulgaria,2010,46
Netherlands,Romania,2010,49
Netherlands,Serbia,2010,1
Netherlands,Croatia,2010,1
Netherlands,Hungary,2010,56
Netherlands,Mongolia,2010,5
Netherlands,Slovakia,2010,39
Netherlands,Austria,2010,1
Netherlands,France,2010,1
Netherlands,Czechia,2010,6
Netherlands,Ukraine,2010,3
Netherlands,Belgium,2010,1
Netherlands,United Kingdom,2010,5
Netherlands,Netherlands,2010,315
Netherlands,Poland,2010,16
Netherlands,Germany,2010,3
Netherlands,Lithuania,2010,9
Netherlands,Russian Federation,2010,3
Netherlands,Latvia,2010,5
Netherlands,Finland,2010,1
Poland,Viet Nam,2010,1
Poland,Bangladesh,2010,7
Poland,Nepal,2010,5
Poland,Bulgaria,2010,10
Poland,Romania,2010,7
Poland,Ukraine,2010,3
Poland,Poland,2010,83
Poland,Belarus,2010,1
Portugal,Brazil,2010,5
Portugal,Nigeria,2010,1
Portugal,Portugal,2010,8
Portugal,Romania,2010,5
Romania,Greece,2010,1
Romania,Romania,2010,1152
Romania,Hungary,2010,1
Slovakia,Slovakia,2010,28
Slovenia,Ghana,2010,1
Slovenia,Dominican Republic,2010,6
Slovenia,Bulgaria,2010,2
Slovenia,Bosnia and Herzegovina,2010,1
Slovenia,Romania,2010,1
Slovenia,Slovenia,2010,2
Slovenia,Hungary,2010,9
Slovenia,Slovakia,2010,3
Slovenia,Czechia,2010,3
Slovenia,Ukraine,2010,4
Slovenia,Kazakhstan,2010,1
Spain,Argentina,2010,17
Spain,Chile,2010,4
Spain,Paraguay,2010,142
Spain,Bolivia (Plurinational State of),2010,13
Spain,Brazil,2010,264
Spain,Peru,2010,2
Spain,Ecuador,2010,42
Spain,Cameroon,2010,1
Spain,Colombia,2010,90
Spain,Liberia,2010,1
Spain,Sierra Leone,2010,1
Spain,Nigeria,2010,51
Spain,Guinea,2010,1
Spain,Costa Rica,2010,1
Spain,Venezuela (Bolivarian Republic of),2010,12
Spain,Guinea-Bissau,2010,2
Spain,Nicaragua,2010,3
Spain,Burkina Faso,2010,1
Spain,El Salvador,2010,1
Spain,Honduras,2010,2
Spain,Guatemala,2010,4
Spain,Senegal,2010,1
Spain,Cote d'Ivoire,2010,1
Spain,Dominican Republic,2010,139
Spain,Viet Nam,2010,1
Spain,Cuba,2010,7
Spain,India,2010,28
Spain,Pakistan,2010,9
Spain,Morocco,2010,50
Spain,Portugal,2010,1
Spain,United States of America,2010,1
Spain,China,2010,96
Spain,Spain,2010,109
Spain,Albania,2010,2
Spain,Bulgaria,2010,37
Spain,Romania,2010,366
Spain,Serbia,2010,1
Spain,Switzerland,2010,1
Spain,Republic of Moldova,2010,6
Spain,Hungary,2010,2
Spain,Slovakia,2010,1
Spain,France,2010,1
Spain,Czechia,2010,1
Spain,Ukraine,2010,15
Spain,United Kingdom,2010,2
Spain,Belarus,2010,3
Spain,Lithuania,2010,4
Spain,Russian Federation,2010,51
Spain,Latvia,2010,2
Sweden,Nigeria,2010,2
Sweden,Romania,2010,2
Sweden,Slovakia,2010,1
Sweden,United Kingdom,2010,3
Sweden,Poland,2010,5
Sweden,Sweden,2010,1
United Kingdom,Uganda,2010,25
United Kingdom,Nigeria,2010,122
United Kingdom,Viet Nam,2010,72
United Kingdom,India,2010,23
United Kingdom,China,2010,79
United Kingdom,Albania,2010,17
United Kingdom,Hungary,2010,19
United Kingdom,Slovakia,2010,28
United Kingdom,Czechia,2010,33
United Kingdom,United Kingdom,2010,14
United Kingdom,Lithuania,2010,18
Austria,Philippines,2011,3
Austria,Viet Nam,2011,4
Austria,Romania,2011,12
Austria,Serbia,2011,4
Austria,Slovakia,2011,1
Austria,Poland,2011,3
Austria,Russian Federation,2011,2
Cyprus,Cameroon,2011,2
Cyprus,Philippines,2011,1
Cyprus,Viet Nam,2011,7
Cyprus,India,2011,6
Cyprus,China,2011,7
Cyprus,Romania,2011,8
Cyprus,Ukraine,2011,1
Cyprus,Belarus,2011,2
Cyprus,Russian Federation,2011,2
Cyprus,Estonia,2011,2
Denmark,Bolivia (Plurinational State of),2011,1
Denmark,Brazil,2011,4
Denmark,Kenya,2011,2
Denmark,Uganda,2011,8
Denmark,Cameroon,2011,2
Denmark,Ghana,2011,1
Denmark,Benin,2011,1
Denmark,Nigeria,2011,18
Denmark,Mali,2011,1
Denmark,Thailand,2011,11
Denmark,Guatemala,2011,2
Denmark,Iran (Islamic Republic of),2011,1
Denmark,Portugal,2011,1
Denmark,Romania,2011,5
Denmark,Slovakia,2011,1
Denmark,Lithuania,2011,1
Finland,Somalia,2011,1
Finland,Ghana,2011,1
Finland,Sri Lanka,2011,2
Finland,Ethiopia,2011,1
Finland,Nigeria,2011,6
Finland,Thailand,2011,3
Finland,Viet Nam,2011,8
Finland,Bangladesh,2011,4
Finland,Nepal,2011,1
Finland,India,2011,1
Finland,Iraq,2011,1
Finland,Iran (Islamic Republic of),2011,1
Finland,Romania,2011,2
Finland,Poland,2011,1
Finland,Russian Federation,2011,7
Finland,Estonia,2011,3
France,Argentina,2011,3
France,Madagascar,2011,1
France,Bolivia (Plurinational State of),2011,1
France,Brazil,2011,67
France,Congo,2011,2
France,Ecuador,2011,2
France,Gabon,2011,2
France,Cameroon,2011,20
France,Colombia,2011,8
France,Ghana,2011,1
France,Togo,2011,1
France,Benin,2011,1
France,Sierra Leone,2011,10
France,Nigeria,2011,105
France,Guinea,2011,26
France,Venezuela (Bolivarian Republic of),2011,1
France,Gambia,2011,2
France,Thailand,2011,8
France,Cote d'Ivoire,2011,2
France,Lao People's Democratic Republic,2011,2
France,Dominican Republic,2011,1
France,Morocco,2011,11
France,Algeria,2011,14
France,Tunisia,2011,1
France,Portugal,2011,2
France,China,2011,48
France,Spain,2011,4
France,Italy,2011,1
France,Bulgaria,2011,28
France,Romania,2011,93
France,Hungary,2011,17
France,France,2011,149
France,Czechia,2011,2
France,Ukraine,2011,1
France,Poland,2011,2
France,Russian Federation,2011,16
Germany,Brazil,2011,6
Germany,Peru,2011,1
Germany,Congo,2011,1
Germany,Kenya,2011,1
Germany,Malaysia,2011,2
Germany,Cameroon,2011,2
Germany,Ghana,2011,3
Germany,Sierra Leone,2011,2
Germany,Nigeria,2011,28
Germany,Guinea,2011,1
Germany,Senegal,2011,1
Germany,Cabo Verde,2011,1
Germany,Sudan,2011,2
Germany,Haiti,2011,1
Germany,Mexico,2011,1
Germany,Viet Nam,2011,6
Germany,India,2011,1
Germany,Pakistan,2011,1
Germany,Lebanon,2011,1
Germany,Greece,2011,1
Germany,Turkey,2011,14
Germany,China,2011,1
Germany,Spain,2011,1
Germany,Italy,2011,1
Germany,The former Yugoslav Republic of Macedonia,2011,1
Germany,Bulgaria,2011,100
Germany,Romania,2011,175
Germany,Serbia,2011,7
Germany,Republic of Moldova,2011,1
Germany,Hungary,2011,56
Germany,Slovakia,2011,12
Germany,France,2011,2
Germany,Czechia,2011,18
Germany,Kazakhstan,2011,1
Germany,Poland,2011,37
Germany,Germany,2011,138
Germany,Lithuania,2011,5
Germany,Russian Federation,2011,2
Germany,Latvia,2011,12
Greece,Dominican Republic,2011,1
Greece,Bangladesh,2011,1
Greece,Greece,2011,1
Greece,Albania,2011,2
Greece,Bulgaria,2011,29
Greece,Romania,2011,53
Greece,Hungary,2011,1
Greece,Ukraine,2011,2
Greece,Russian Federation,2011,7
Hungary,Hungary,2011,101
Ireland,South Africa,2011,2
Ireland,Zimbabwe,2011,1
Ireland,Brazil,2011,2
Ireland,Peru,2011,1
Ireland,Somalia,2011,1
Ireland,Malaysia,2011,1
Ireland,Cameroon,2011,1
Ireland,Ghana,2011,1
Ireland,Liberia,2011,1
Ireland,Sierra Leone,2011,1
Ireland,Nigeria,2011,19
Ireland,Thailand,2011,2
Ireland,Pakistan,2011,4
Ireland,Morocco,2011,2
Ireland,China,2011,1
Ireland,Albania,2011,2
Ireland,Bulgaria,2011,1
Ireland,Romania,2011,6
Ireland,Hungary,2011,1
Ireland,Czechia,2011,1
Ireland,Ireland,2011,6
Latvia,Latvia,2011,11
Lithuania,Poland,2011,1
Lithuania,Lithuania,2011,21
Malta,Romania,2011,3
Netherlands,Former Yugoslavia,2011,1
Netherlands,Madagascar,2011,1
Netherlands,Brazil,2011,9
Netherlands,Angola,2011,19
Netherlands,United Republic of Tanzania,2011,3
Netherlands,Congo,2011,3
Netherlands,Kenya,2011,2
Netherlands,Uganda,2011,14
Netherlands,Malaysia,2011,1
Netherlands,Cameroon,2011,3
Netherlands,Colombia,2011,2
Netherlands,Ghana,2011,13
Netherlands,Suriname,2011,9
Netherlands,Togo,2011,1
Netherlands,Liberia,2011,3
Netherlands,Benin,2011,3
Netherlands,Sri Lanka,2011,1
Netherlands,Sierra Leone,2011,62
Netherlands,Ethiopia,2011,4
Netherlands,Nigeria,2011,134
Netherlands,Guinea,2011,58
Netherlands,Guinea-Bissau,2011,1
Netherlands,Mali,2011,2
Netherlands,Gambia,2011,4
Netherlands,El Salvador,2011,2
Netherlands,Thailand,2011,5
Netherlands,Honduras,2011,1
Netherlands,Philippines,2011,5
Netherlands,Senegal,2011,1
Netherlands,Cabo Verde,2011,1
Netherlands,Cote d'Ivoire,2011,4
Netherlands,Eritrea,2011,5
Netherlands,Sudan,2011,1
Netherlands,Jamaica,2011,1
Netherlands,Dominican Republic,2011,4
Netherlands,Viet Nam,2011,3
Netherlands,Cuba,2011,1
Netherlands,Bangladesh,2011,1
Netherlands,Nepal,2011,1
Netherlands,India,2011,2
Netherlands,Kuwait,2011,2
Netherlands,Egypt,2011,3
Netherlands,Iraq,2011,8
Netherlands,Pakistan,2011,3
Netherlands,Morocco,2011,10
Netherlands,Afghanistan,2011,2
Netherlands,Algeria,2011,2
Netherlands,Tunisia,2011,1
Netherlands,Greece,2011,1
Netherlands,Portugal,2011,5
Netherlands,Turkey,2011,6
Netherlands,China,2011,40
Netherlands,Armenia,2011,3
Netherlands,Azerbaijan,2011,1
Netherlands,Spain,2011,2
Netherlands,Albania,2011,1
Netherlands,Italy,2011,1
Netherlands,The former Yugoslav Republic of Macedonia,2011,10
Netherlands,Kosovo under UNSCR 1244,2011,1
Netherlands,Bulgaria,2011,73
Netherlands,Bosnia and Herzegovina,2011,1
Netherlands,Romania,2011,40
Netherlands,Serbia,2011,1
Netherlands,Hungary,2011,121
Netherlands,Mongolia,2011,4
Netherlands,Slovakia,2011,2
Netherlands,Czechia,2011,7
Netherlands,Ukraine,2011,6
Netherlands,United Kingdom,2011,1
Netherlands,Netherlands,2011,337
Netherlands,Poland,2011,104
Netherlands,Germany,2011,3
Netherlands,Lithuania,2011,4
Netherlands,Russian Federation,2011,10
Netherlands,Latvia,2011,3
Netherlands,Estonia,2011,2
Poland,Kenya,2011,1
Poland,Cameroon,2011,1
Poland,Sri Lanka,2011,1
Poland,Bulgaria,2011,7
Poland,Romania,2011,12
Poland,Ukraine,2011,2
Poland,Poland,2011,81
Poland,Russian Federation,2011,1
Portugal,Senegal,2011,1
Portugal,Portugal,2011,28
Portugal,China,2011,1
Portugal,Romania,2011,3
Romania,Bangladesh,2011,5
Romania,Romania,2011,1041
Romania,Serbia,2011,1
Romania,Republic of Moldova,2011,1
Slovakia,Republic of Moldova,2011,1
Slovakia,Slovakia,2011,30
Slovenia,Bulgaria,2011,1
Slovenia,Romania,2011,1
Slovenia,Serbia,2011,2
Slovenia,Slovenia,2011,8
Slovenia,Slovakia,2011,1
Slovenia,Czechia,2011,1
Slovenia,Ukraine,2011,3
Slovenia,Kazakhstan,2011,1
Spain,Paraguay,2011,18
Spain,Brazil,2011,15
Spain,Ecuador,2011,1
Spain,Nigeria,2011,18
Spain,Venezuela (Bolivarian Republic of),2011,2
Spain,Nicaragua,2011,2
Spain,Dominican Republic,2011,6
Spain,Cuba,2011,1
Spain,Morocco,2011,3
Spain,China,2011,4
Spain,Spain,2011,8
Spain,Albania,2011,1
Spain,Bulgaria,2011,27
Spain,Romania,2011,65
Spain,Ukraine,2011,2
Spain,Lithuania,2011,2
Spain,Russian Federation,2011,49
Spain,Estonia,2011,1
Sweden,Bulgaria,2011,4
Sweden,Romania,2011,4
Sweden,Slovakia,2011,2
Austria,Nigeria,2012,2
Austria,Syrian Arab Republic,2012,1
Austria,Turkey,2012,1
Austria,Serbia,2012,3
Austria,Russian Federation,2012,2
Finland,Ghana,2012,1
Finland,Sri Lanka,2012,1
Finland,Nigeria,2012,8
Finland,Thailand,2012,2
Finland,Viet Nam,2012,16
Finland,Iraq,2012,1
Finland,Iran (Islamic Republic of),2012,2
Finland,Turkey,2012,2
Finland,China,2012,2
Finland,Kyrgyzstan,2012,3
Finland,Romania,2012,3
Finland,Czechia,2012,1
Finland,Belarus,2012,1
Finland,Estonia,2012,4
France,Argentina,2012,2
France,Paraguay,2012,2
France,Madagascar,2012,12
France,Bolivia (Plurinational State of),2012,1
France,Brazil,2012,46
France,Peru,2012,1
France,Angola,2012,1
France,Ecuador,2012,2
France,Cameroon,2012,48
France,Colombia,2012,6
France,Ghana,2012,3
France,Sierra Leone,2012,8
France,Nigeria,2012,70
France,Guinea,2012,14
France,Burkina Faso,2012,1
France,Thailand,2012,8
France,Senegal,2012,4
France,Cote d'Ivoire,2012,3
France,Dominican Republic,2012,22
France,Viet Nam,2012,1
France,Cuba,2012,2
France,Morocco,2012,11
France,Iran (Islamic Republic of),2012,1
France,Algeria,2012,14
France,Tunisia,2012,1
France,China,2012,49
France,Spain,2012,1
France,Bulgaria,2012,44
France,Bosnia and Herzegovina,2012,1
France,Romania,2012,207
France,Serbia,2012,3
France,Republic of Moldova,2012,1
France,Hungary,2012,20
France,Austria,2012,1
France,France,2012,138
France,Ukraine,2012,1
France,Belgium,2012,1
France,Poland,2012,1
France,Germany,2012,6
France,Lithuania,2012,2
France,Russian Federation,2012,2
Germany,Brazil,2012,1
Germany,Indonesia,2012,1
Germany,Congo,2012,1
Germany,Kenya,2012,1
Germany,Singapore,2012,1
Germany,Somalia,2012,1
Germany,Cameroon,2012,1
Germany,Ghana,2012,7
Germany,Togo,2012,1
Germany,Nigeria,2012,13
Germany,Guinea,2012,4
Germany,Venezuela (Bolivarian Republic of),2012,7
Germany,Cambodia,2012,1
Germany,Gambia,2012,1
Germany,Thailand,2012,1
Germany,Senegal,2012,1
Germany,Sudan,2012,2
Germany,Dominican Republic,2012,3
Germany,Mexico,2012,1
Germany,India,2012,1
Germany,Lebanon,2012,1
Germany,Portugal,2012,3
Germany,Turkey,2012,10
Germany,Azerbaijan,2012,1
Germany,The former Yugoslav Republic of Macedonia,2012,1
Germany,Bulgaria,2012,155
Germany,Bosnia and Herzegovina,2012,4
Germany,Romania,2012,134
Germany,Serbia,2012,8
Germany,Hungary,2012,47
Germany,Mongolia,2012,2
Germany,Slovakia,2012,8
Germany,Czechia,2012,7
Germany,Ukraine,2012,4
Germany,Belgium,2012,1
Germany,Kazakhstan,2012,1
Germany,Poland,2012,24
Germany,Germany,2012,129
Germany,Ireland,2012,2
Germany,Lithuania,2012,6
Germany,Russian Federation,2012,4
Germany,Latvia,2012,5
Germany,Norway,2012,2
Greece,Nigeria,2012,5
Greece,Greece,2012,5
Greece,Albania,2012,10
Greece,Georgia,2012,2
Greece,The former Yugoslav Republic of Macedonia,2012,1
Greece,Bulgaria,2012,22
Greece,Romania,2012,54
Greece,Russian Federation,2012,8
Greece,Latvia,2012,2
Hungary,Hungary,2012,35
Ireland,Mauritius,2012,1
Ireland,Zimbabwe,2012,1
Ireland,Brazil,2012,2
Ireland,Ghana,2012,1
Ireland,Nigeria,2012,8
Ireland,Philippines,2012,3
Ireland,Pakistan,2012,1
Ireland,Morocco,2012,2
Ireland,Albania,2012,3
Ireland,Bulgaria,2012,3
Ireland,Romania,2012,2
Ireland,Hungary,2012,1
Ireland,Poland,2012,3
Ireland,Ireland,2012,19
Italy,Nigeria,2012,40
Italy,Tunisia,2012,9
Italy,Italy,2012,7
Italy,Bulgaria,2012,7
Italy,Romania,2012,43
Italy,Serbia,2012,3
Italy,Poland,2012,8
Lithuania,Lithuania,2012,14
Malta,China,2012,1
Netherlands,South Africa,2012,1
Netherlands,Zimbabwe,2012,1
Netherlands,Brazil,2012,13
Netherlands,Peru,2012,1
Netherlands,Angola,2012,16
Netherlands,United Republic of Tanzania,2012,5
Netherlands,Indonesia,2012,3
Netherlands,Congo,2012,5
Netherlands,Burundi,2012,1
Netherlands,Kenya,2012,1
Netherlands,Ecuador,2012,2
Netherlands,Uganda,2012,11
Netherlands,Somalia,2012,4
Netherlands,Cameroon,2012,4
Netherlands,Colombia,2012,4
Netherlands,Ghana,2012,17
Netherlands,Suriname,2012,8
Netherlands,Togo,2012,4
Netherlands,Liberia,2012,1
Netherlands,Benin,2012,1
Netherlands,Sierra Leone,2012,60
Netherlands,Ethiopia,2012,3
Netherlands,Nigeria,2012,95
Netherlands,Guinea,2012,47
Netherlands,Venezuela (Bolivarian Republic of),2012,2
Netherlands,Guinea-Bissau,2012,2
Netherlands,Mali,2012,1
Netherlands,Thailand,2012,7
Netherlands,Honduras,2012,1
Netherlands,Philippines,2012,19
Netherlands,Senegal,2012,1
Netherlands,Cote d'Ivoire,2012,6
Netherlands,Eritrea,2012,1
Netherlands,Sudan,2012,1
Netherlands,Jamaica,2012,1
Netherlands,Mauritania,2012,1
Netherlands,Dominican Republic,2012,13
Netherlands,Viet Nam,2012,3
Netherlands,China Taiwan Province of China,2012,1
Netherlands,India,2012,11
Netherlands,Kuwait,2012,2
Netherlands,Egypt,2012,3
Netherlands,Iraq,2012,8
Netherlands,Pakistan,2012,9
Netherlands,Morocco,2012,10
Netherlands,Algeria,2012,2
Netherlands,Tunisia,2012,1
Netherlands,Greece,2012,4
Netherlands,Portugal,2012,2
Netherlands,United States of America,2012,1
Netherlands,Turkey,2012,1
Netherlands,China,2012,21
Netherlands,Armenia,2012,10
Netherlands,Azerbaijan,2012,2
Netherlands,Albania,2012,2
Netherlands,Italy,2012,1
Netherlands,The former Yugoslav Republic of Macedonia,2012,28
Netherlands,Bulgaria,2012,302
Netherlands,Bosnia and Herzegovina,2012,3
Netherlands,Romania,2012,129
Netherlands,Croatia,2012,2
Netherlands,Hungary,2012,217
Netherlands,Mongolia,2012,4
Netherlands,Slovakia,2012,8
Netherlands,France,2012,2
Netherlands,Czechia,2012,13
Netherlands,Ukraine,2012,6
Netherlands,Netherlands,2012,428
Netherlands,Poland,2012,67
Netherlands,Germany,2012,13
Netherlands,Lithuania,2012,9
Netherlands,Russian Federation,2012,7
Netherlands,Latvia,2012,4
Netherlands,Iceland,2012,1
Poland,Kenya,2012,1
Poland,Bulgaria,2012,7
Poland,Romania,2012,35
Poland,Ukraine,2012,60
Poland,Belarus,2012,2
Portugal,Brazil,2012,3
Portugal,Nigeria,2012,3
Portugal,Romania,2012,3
Portugal,Ukraine,2012,1
Romania,Republic of Moldova,2012,4
Slovakia,Cameroon,2012,1
Slovakia,Bulgaria,2012,1
Slovakia,Slovakia,2012,1
Slovenia,Dominican Republic,2012,2
Slovenia,Serbia,2012,1
Slovenia,Slovenia,2012,2
Slovenia,Slovakia,2012,2
Slovenia,Czechia,2012,1
Slovenia,Ukraine,2012,7
Spain,Paraguay,2012,34
Spain,Brazil,2012,15
Spain,Ecuador,2012,2
Spain,Colombia,2012,1
Spain,Nigeria,2012,6
Spain,Dominican Republic,2012,1
Spain,Morocco,2012,3
Spain,China,2012,7
Spain,Bulgaria,2012,2
Spain,Romania,2012,34
Spain,Ukraine,2012,2
Spain,Russian Federation,2012,2
Sweden,Bulgaria,2012,12
Sweden,Romania,2012,15
Sweden,Serbia,2012,1
Sweden,Poland,2012,4
Sweden,Lithuania,2012,1
United Kingdom,South Africa,2012,1
United Kingdom,Mauritius,2012,3
United Kingdom,Zimbabwe,2012,2
United Kingdom,Bolivia (Plurinational State of),2012,1
United Kingdom,Zambia,2012,1
United Kingdom,Malawi,2012,1
United Kingdom,Indonesia,2012,5
United Kingdom,Congo,2012,2
United Kingdom,Rwanda,2012,1
United Kingdom,Kenya,2012,5
United Kingdom,Uganda,2012,9
United Kingdom,Somalia,2012,4
United Kingdom,Cameroon,2012,2
United Kingdom,Ghana,2012,9
United Kingdom,Togo,2012,1
United Kingdom,Liberia,2012,2
United Kingdom,Sri Lanka,2012,3
United Kingdom,Sierra Leone,2012,3
United Kingdom,Ethiopia,2012,3
United Kingdom,Nigeria,2012,66
United Kingdom,Guinea,2012,3
United Kingdom,Mali,2012,1
United Kingdom,Gambia,2012,4
United Kingdom,Thailand,2012,3
United Kingdom,Philippines,2012,20
United Kingdom,Senegal,2012,1
United Kingdom,Cote d'Ivoire,2012,1
United Kingdom,Eritrea,2012,7
United Kingdom,Jamaica,2012,1
United Kingdom,Mauritania,2012,1
United Kingdom,Viet Nam,2012,41
United Kingdom,Bangladesh,2012,7
United Kingdom,India,2012,6
United Kingdom,Egypt,2012,1
United Kingdom,Syrian Arab Republic,2012,1
United Kingdom,Pakistan,2012,9
United Kingdom,Morocco,2012,1
United Kingdom,Afghanistan,2012,4
United Kingdom,Iran (Islamic Republic of),2012,1
United Kingdom,China,2012,7
United Kingdom,Albania,2012,50
United Kingdom,Bulgaria,2012,5
United Kingdom,Romania,2012,47
United Kingdom,Republic of Moldova,2012,1
United Kingdom,Hungary,2012,21
United Kingdom,Slovakia,2012,43
United Kingdom,France,2012,1
United Kingdom,Czechia,2012,14
United Kingdom,United Kingdom,2012,31
United Kingdom,Poland,2012,50
United Kingdom,Lithuania,2012,44
United Kingdom,Latvia,2012,3
Austria,Nigeria,2013,1
Austria,Nicaragua,2013,1
Austria,Romania,2013,7
Austria,Russian Federation,2013,1
Denmark,Kenya,2013,3
Denmark,Ghana,2013,3
Denmark,Nigeria,2013,45
Denmark,Cote d'Ivoire,2013,1
Denmark,Viet Nam,2013,4
Denmark,Nepal,2013,1
Denmark,China,2013,3
Denmark,Bulgaria,2013,1
Denmark,Romania,2013,6
Denmark,Serbia,2013,3
Denmark,Slovakia,2013,1
Denmark,Belarus,2013,1
Denmark,Denmark,2013,1
Finland,Myanmar,2013,1
Finland,Congo,2013,1
Finland,Kenya,2013,1
Finland,Cameroon,2013,1
Finland,Ghana,2013,2
Finland,Togo,2013,1
Finland,Sri Lanka,2013,1
Finland,Nigeria,2013,20
Finland,Guinea,2013,1
Finland,Philippines,2013,5
Finland,Dominican Republic,2013,2
Finland,Viet Nam,2013,9
Finland,Kyrgyzstan,2013,4
Finland,Romania,2013,3
Finland,Serbia,2013,1
Finland,Estonia,2013,1
Finland,Finland,2013,1
Germany,Paraguay,2013,1
Germany,Brazil,2013,4
Germany,Congo,2013,3
Germany,Kenya,2013,2
Germany,Uganda,2013,1
Germany,Cameroon,2013,1
Germany,South Sudan,2013,2
Germany,Ghana,2013,3
Germany,Benin,2013,1
Germany,Sierra Leone,2013,3
Germany,Ethiopia,2013,1
Germany,Nigeria,2013,15
Germany,Guinea,2013,2
Germany,Venezuela (Bolivarian Republic of),2013,1
Germany,Thailand,2013,6
Germany,Dominican Republic,2013,1
Germany,Bangladesh,2013,7
Germany,India,2013,1
Germany,Pakistan,2013,8
Germany,Afghanistan,2013,29
Germany,Iran (Islamic Republic of),2013,2
Germany,Algeria,2013,1
Germany,Greece,2013,1
Germany,Portugal,2013,1
Germany,Turkey,2013,4
Germany,Spain,2013,1
Germany,Albania,2013,3
Germany,The former Yugoslav Republic of Macedonia,2013,1
Germany,Bulgaria,2013,146
Germany,Romania,2013,137
Germany,Serbia,2013,10
Germany,Croatia,2013,2
Germany,Switzerland,2013,1
Germany,Republic of Moldova,2013,3
Germany,Hungary,2013,34
Germany,Slovakia,2013,8
Germany,Austria,2013,1
Germany,Czechia,2013,11
Germany,Ukraine,2013,3
Germany,Poland,2013,20
Germany,Germany,2013,92
Germany,Lithuania,2013,1
Greece,Cameroon,2013,1
Greece,Nigeria,2013,1
Greece,Cote d'Ivoire,2013,1
Greece,Dominican Republic,2013,7
Greece,Bangladesh,2013,36
Greece,Morocco,2013,1
Greece,Greece,2013,3
Greece,China,2013,4
Greece,Albania,2013,1
Greece,Bulgaria,2013,20
Greece,Romania,2013,21
Greece,Republic of Moldova,2013,1
Greece,Poland,2013,2
Greece,Russian Federation,2013,1
Italy,Nigeria,2013,16
Italy,Italy,2013,5
Italy,Bulgaria,2013,4
Italy,Romania,2013,6
Latvia,Latvia,2013,1
Netherlands,Zimbabwe,2013,1
Netherlands,Brazil,2013,8
Netherlands,Zambia,2013,3
Netherlands,Peru,2013,1
Netherlands,Angola,2013,9
Netherlands,United Republic of Tanzania,2013,1
Netherlands,Indonesia,2013,5
Netherlands,Congo,2013,9
Netherlands,Burundi,2013,2
Netherlands,Kenya,2013,2
Netherlands,Ecuador,2013,1
Netherlands,Uganda,2013,10
Netherlands,Somalia,2013,6
Netherlands,Malaysia,2013,1
Netherlands,Cameroon,2013,5
Netherlands,Colombia,2013,4
Netherlands,Ghana,2013,10
Netherlands,Suriname,2013,4
Netherlands,Liberia,2013,5
Netherlands,Sri Lanka,2013,1
Netherlands,Sierra Leone,2013,33
Netherlands,Nigeria,2013,54
Netherlands,Guinea,2013,51
Netherlands,Burkina Faso,2013,1
Netherlands,Mali,2013,1
Netherlands,Gambia,2013,2
Netherlands,Thailand,2013,3
Netherlands,Honduras,2013,3
Netherlands,Philippines,2013,16
Netherlands,Senegal,2013,3
Netherlands,Cabo Verde,2013,1
Netherlands,Cote d'Ivoire,2013,2
Netherlands,Eritrea,2013,3
Netherlands,Sudan,2013,1
Netherlands,Dominican Republic,2013,3
Netherlands,Viet Nam,2013,13
Netherlands,Cuba,2013,1
Netherlands,Bangladesh,2013,3
Netherlands,Nepal,2013,2
Netherlands,India,2013,8
Netherlands,Egypt,2013,1
Netherlands,Iraq,2013,1
Netherlands,Morocco,2013,9
Netherlands,Afghanistan,2013,2
Netherlands,Iran (Islamic Republic of),2013,2
Netherlands,Japan,2013,2
Netherlands,Algeria,2013,1
Netherlands,Greece,2013,1
Netherlands,Portugal,2013,12
Netherlands,Turkey,2013,5
Netherlands,China,2013,31
Netherlands,Armenia,2013,7
Netherlands,Azerbaijan,2013,3
Netherlands,Spain,2013,1
Netherlands,Albania,2013,7
Netherlands,Italy,2013,2
Netherlands,Bulgaria,2013,123
Netherlands,Romania,2013,193
Netherlands,Republic of Moldova,2013,1
Netherlands,Hungary,2013,172
Netherlands,Mongolia,2013,11
Netherlands,Slovakia,2013,12
Netherlands,France,2013,1
Netherlands,Czechia,2013,6
Netherlands,Ukraine,2013,3
Netherlands,Belgium,2013,3
Netherlands,United Kingdom,2013,4
Netherlands,Netherlands,2013,455
Netherlands,Poland,2013,22
Netherlands,Germany,2013,9
Netherlands,Belarus,2013,2
Netherlands,Lithuania,2013,12
Netherlands,Russian Federation,2013,7
Netherlands,Latvia,2013,5
Poland,Kenya,2013,1
Poland,Viet Nam,2013,1
Poland,Bulgaria,2013,13
Poland,Romania,2013,9
Poland,Republic of Moldova,2013,1
Poland,Czechia,2013,1
Poland,Ukraine,2013,16
Portugal,Congo,2013,1
Portugal,Nigeria,2013,17
Portugal,Guinea-Bissau,2013,6
Portugal,Mali,2013,1
Portugal,Sudan,2013,1
Portugal,Portugal,2013,1
Portugal,Romania,2013,117
Slovakia,Kenya,2013,1
Slovakia,Slovakia,2013,2
Slovakia,Ukraine,2013,1
Slovenia,Dominican Republic,2013,2
Slovenia,Romania,2013,35
Spain,Chile,2013,1
Spain,Paraguay,2013,45
Spain,Nigeria,2013,53
Spain,Guinea,2013,1
Spain,Mali,2013,4
Spain,Gambia,2013,2
Spain,Senegal,2013,1
Spain,Dominican Republic,2013,1
Spain,India,2013,1
Spain,Pakistan,2013,8
Spain,Morocco,2013,7
Spain,China,2013,20
Spain,Spain,2013,4
Spain,Bulgaria,2013,2
Spain,Romania,2013,94
Sweden,Romania,2013,1
Sweden,Hungary,2013,1
United Kingdom,Western Sahara,2013,1
United Kingdom,South Africa,2013,2
United Kingdom,Myanmar,2013,1
United Kingdom,Zimbabwe,2013,2
United Kingdom,Bolivia (Plurinational State of),2013,1
United Kingdom,Zambia,2013,2
United Kingdom,Malawi,2013,3
United Kingdom,Angola,2013,2
United Kingdom,United Republic of Tanzania,2013,2
United Kingdom,Indonesia,2013,6
United Kingdom,Congo,2013,3
United Kingdom,Burundi,2013,1
United Kingdom,Rwanda,2013,2
United Kingdom,Kenya,2013,6
United Kingdom,Uganda,2013,20
United Kingdom,Somalia,2013,4
United Kingdom,Cameroon,2013,3
United Kingdom,Ghana,2013,9
United Kingdom,Liberia,2013,1
United Kingdom,Sri Lanka,2013,4
United Kingdom,Sierra Leone,2013,9
United Kingdom,Ethiopia,2013,1
United Kingdom,Nigeria,2013,66
United Kingdom,Guinea,2013,4
United Kingdom,Mali,2013,1
United Kingdom,Gambia,2013,3
United Kingdom,Thailand,2013,8
United Kingdom,Philippines,2013,14
United Kingdom,Cote d'Ivoire,2013,2
United Kingdom,Eritrea,2013,2
United Kingdom,Sudan,2013,1
United Kingdom,Lao People's Democratic Republic,2013,1
United Kingdom,Jamaica,2013,1
United Kingdom,Viet Nam,2013,61
United Kingdom,Bangladesh,2013,4
United Kingdom,Nepal,2013,1
United Kingdom,India,2013,6
United Kingdom,Pakistan,2013,5
United Kingdom,Iran (Islamic Republic of),2013,2
United Kingdom,United States of America,2013,2
United Kingdom,Democratic People's Republic of Korea,2013,1
United Kingdom,Turkey,2013,1
United Kingdom,China,2013,21
United Kingdom,Albania,2013,96
United Kingdom,Kosovo under UNSCR 1244,2013,1
United Kingdom,Bulgaria,2013,6
United Kingdom,Romania,2013,63
United Kingdom,Hungary,2013,56
United Kingdom,Mongolia,2013,1
United Kingdom,Slovakia,2013,44
United Kingdom,Czechia,2013,24
United Kingdom,Ukraine,2013,1
United Kingdom,United Kingdom,2013,81
United Kingdom,Poland,2013,71
United Kingdom,Ireland,2013,1
United Kingdom,Lithuania,2013,48
United Kingdom,Russian Federation,2013,2
United Kingdom,Latvia,2013,29
Austria,Others,2014,24
Austria,Sri Lanka,2014,1
Austria,Nigeria,2014,3
Austria,Philippines,2014,2
Austria,Tunisia,2014,2
Austria,Turkey,2014,1
Austria,Romania,2014,24
Austria,Serbia,2014,6
Austria,Poland,2014,1
Belgium,Brazil,2014,2
Belgium,Ghana,2014,2
Belgium,Benin,2014,1
Belgium,Ethiopia,2014,1
Belgium,Nigeria,2014,3
Belgium,Guinea,2014,1
Belgium,Burkina Faso,2014,1
Belgium,Philippines,2014,1
Belgium,Dominican Republic,2014,2
Belgium,Bangladesh,2014,2
Belgium,Bhutan,2014,1
Belgium,India,2014,1
Belgium,Egypt,2014,6
Belgium,Pakistan,2014,6
Belgium,Morocco,2014,14
Belgium,Afghanistan,2014,3
Belgium,Iran (Islamic Republic of),2014,2
Belgium,Algeria,2014,2
Belgium,Tunisia,2014,1
Belgium,Turkey,2014,6
Belgium,China,2014,2
Belgium,Spain,2014,1
Belgium,Albania,2014,7
Belgium,Kosovo under UNSCR 1244,2014,1
Belgium,Bulgaria,2014,2
Belgium,Romania,2014,8
Belgium,Croatia,2014,2
Belgium,Czechia,2014,1
Belgium,Ukraine,2014,2
Cyprus,Kenya,2014,1
Cyprus,Sri Lanka,2014,1
Cyprus,Bangladesh,2014,1
Cyprus,India,2014,12
Cyprus,Morocco,2014,2
Cyprus,Cyprus,2014,1
Cyprus,Bulgaria,2014,8
Cyprus,Romania,2014,7
Cyprus,Republic of Moldova,2014,3
Cyprus,Ukraine,2014,1
Cyprus,Belarus,2014,4
Cyprus,Latvia,2014,1
Denmark,Paraguay,2014,1
Denmark,Brazil,2014,2
Denmark,Kenya,2014,3
Denmark,Uganda,2014,5
Denmark,Ghana,2014,3
Denmark,Liberia,2014,1
Denmark,Nigeria,2014,38
Denmark,Gambia,2014,1
Denmark,Viet Nam,2014,2
Denmark,India,2014,1
Denmark,Morocco,2014,1
Denmark,Afghanistan,2014,1
Denmark,Kosovo under UNSCR 1244,2014,2
Denmark,Bulgaria,2014,2
Denmark,Romania,2014,5
Denmark,Serbia,2014,1
Denmark,Slovakia,2014,1
Denmark,Ukraine,2014,1
Estonia,Romania,2014,1
Estonia,Estonia,2014,3
Finland,Others,2014,2
Finland,Cameroon,2014,2
Finland,Colombia,2014,1
Finland,Ethiopia,2014,2
Finland,Nigeria,2014,22
Finland,Guinea,2014,1
Finland,Mali,2014,1
Finland,Cote d'Ivoire,2014,1
Finland,Bangladesh,2014,1
Finland,Egypt,2014,2
Finland,Jordan,2014,2
Finland,Iraq,2014,1
Finland,Pakistan,2014,1
Finland,Morocco,2014,1
Finland,Afghanistan,2014,1
Finland,China,2014,2
Finland,Romania,2014,2
Finland,Slovakia,2014,1
Finland,Ukraine,2014,1
Finland,Finland,2014,3
Germany,Others,2014,11
Germany,Brazil,2014,4
Germany,Kenya,2014,3
Germany,Cameroon,2014,1
Germany,Ghana,2014,4
Germany,Sierra Leone,2014,3
Germany,Nigeria,2014,18
Germany,Guinea,2014,1
Germany,Thailand,2014,4
Germany,Dominican Republic,2014,2
Germany,Viet Nam,2014,5
Germany,Bangladesh,2014,2
Germany,Libya,2014,1
Germany,Iraq,2014,1
Germany,Morocco,2014,1
Germany,Afghanistan,2014,1
Germany,Greece,2014,3
Germany,Turkey,2014,3
Germany,China,2014,2
Germany,Spain,2014,2
Germany,Albania,2014,3
Germany,Italy,2014,2
Germany,Bulgaria,2014,98
Germany,Bosnia and Herzegovina,2014,2
Germany,Romania,2014,216
Germany,Serbia,2014,4
Germany,Croatia,2014,5
Germany,Slovenia,2014,1
Germany,Hungary,2014,40
Germany,Slovakia,2014,8
Germany,Czechia,2014,9
Germany,Ukraine,2014,8
Germany,Poland,2014,21
Germany,Germany,2014,88
Germany,Lithuania,2014,5
Germany,Latvia,2014,1
Greece,Cameroon,2014,1
Greece,Nigeria,2014,2
Greece,Pakistan,2014,2
Greece,Greece,2014,11
Greece,Albania,2014,5
Greece,Bulgaria,2014,20
Greece,Romania,2014,30
Greece,Czechia,2014,2
Greece,Ukraine,2014,1
Greece,Russian Federation,2014,3
Hungary,Thailand,2014,1
Hungary,United States of America,2014,1
Hungary,Romania,2014,1
Ireland,South Africa,2014,1
Ireland,Zimbabwe,2014,1
Ireland,Brazil,2014,8
Ireland,Somalia,2014,1
Ireland,Cameroon,2014,1
Ireland,Nigeria,2014,4
Ireland,Pakistan,2014,1
Ireland,Albania,2014,1
Ireland,Bulgaria,2014,1
Ireland,Romania,2014,15
Ireland,Poland,2014,1
Ireland,Ireland,2014,8
Ireland,Lithuania,2014,3
Italy,Others,2014,29
Italy,Nigeria,2014,20
Italy,Senegal,2014,4
Italy,Cuba,2014,3
Italy,Pakistan,2014,2
Italy,Morocco,2014,8
Italy,China,2014,4
Italy,Albania,2014,6
Italy,Italy,2014,398
Italy,Bulgaria,2014,7
Italy,Romania,2014,110
Italy,Serbia,2014,5
Italy,Republic of Moldova,2014,4
Italy,Ukraine,2014,3
Italy,Poland,2014,2
Italy,Russian Federation,2014,5
Italy,Latvia,2014,2
Luxembourg,Brazil,2014,3
Luxembourg,Nigeria,2014,1
Luxembourg,Bangladesh,2014,1
Luxembourg,India,2014,2
Luxembourg,Pakistan,2014,1
Luxembourg,Romania,2014,1
Luxembourg,Republic of Moldova,2014,2
Malta,Indonesia,2014,1
Malta,Sri Lanka,2014,1
Malta,Nigeria,2014,2
Malta,Viet Nam,2014,9
Malta,China,2014,6
Malta,Romania,2014,1
Netherlands,Others,2014,22
Netherlands,Zimbabwe,2014,1
Netherlands,Brazil,2014,13
Netherlands,Peru,2014,3
Netherlands,Angola,2014,6
Netherlands,Indonesia,2014,20
Netherlands,Seychelles,2014,1
Netherlands,Congo,2014,7
Netherlands,Kenya,2014,2
Netherlands,Ecuador,2014,1
Netherlands,Uganda,2014,12
Netherlands,Somalia,2014,3
Netherlands,Cameroon,2014,1
Netherlands,Colombia,2014,4
Netherlands,Ghana,2014,5
Netherlands,Suriname,2014,3
Netherlands,Togo,2014,1
Netherlands,Liberia,2014,4
Netherlands,Sri Lanka,2014,3
Netherlands,Sierra Leone,2014,22
Netherlands,Ethiopia,2014,2
Netherlands,Nigeria,2014,41
Netherlands,Guinea,2014,35
Netherlands,Venezuela (Bolivarian Republic of),2014,1
Netherlands,Burkina Faso,2014,1
Netherlands,Mali,2014,4
Netherlands,Saint Vincent and the Grenadines,2014,1
Netherlands,Thailand,2014,2
Netherlands,Philippines,2014,75
Netherlands,Senegal,2014,1
Netherlands,Cote d'Ivoire,2014,5
Netherlands,Eritrea,2014,32
Netherlands,Yemen,2014,1
Netherlands,Dominican Republic,2014,2
Netherlands,Viet Nam,2014,12
Netherlands,Nepal,2014,2
Netherlands,India,2014,9
Netherlands,Egypt,2014,1
Netherlands,Iraq,2014,5
Netherlands,Syrian Arab Republic,2014,1
Netherlands,Pakistan,2014,2
Netherlands,Morocco,2014,12
Netherlands,Afghanistan,2014,6
Netherlands,Iran (Islamic Republic of),2014,1
Netherlands,Algeria,2014,1
Netherlands,Tunisia,2014,2
Netherlands,Greece,2014,5
Netherlands,Portugal,2014,3
Netherlands,Democratic People's Republic of Korea,2014,3
Netherlands,Turkey,2014,4
Netherlands,China,2014,20
Netherlands,Armenia,2014,4
Netherlands,Azerbaijan,2014,2
Netherlands,Spain,2014,3
Netherlands,Albania,2014,17
Netherlands,Georgia,2014,2
Netherlands,Italy,2014,1
Netherlands,Montenegro,2014,1
Netherlands,Kosovo under UNSCR 1244,2014,1
Netherlands,Bulgaria,2014,55
Netherlands,Bosnia and Herzegovina,2014,1
Netherlands,Romania,2014,90
Netherlands,Croatia,2014,1
Netherlands,Switzerland,2014,1
Netherlands,Republic of Moldova,2014,1
Netherlands,Hungary,2014,46
Netherlands,Mongolia,2014,6
Netherlands,Slovakia,2014,6
Netherlands,France,2014,3
Netherlands,Czechia,2014,3
Netherlands,Ukraine,2014,9
Netherlands,Belgium,2014,3
Netherlands,Kazakhstan,2014,1
Netherlands,Netherlands,2014,462
Netherlands,Poland,2014,94
Netherlands,Germany,2014,3
Netherlands,Lithuania,2014,3
Netherlands,Russian Federation,2014,3
Netherlands,Latvia,2014,2
Netherlands,Sweden,2014,1
Poland,Kenya,2014,2
Poland,Sri Lanka,2014,12
Poland,Philippines,2014,36
Poland,Viet Nam,2014,5
Poland,The former Yugoslav Republic of Macedonia,2014,8
Poland,Bulgaria,2014,11
Poland,Romania,2014,9
Poland,Slovakia,2014,1
Poland,Ukraine,2014,50
Poland,Poland,2014,4
Portugal,Others,2014,7
Portugal,Angola,2014,8
Portugal,Nigeria,2014,6
Portugal,Portugal,2014,8
Portugal,Bulgaria,2014,10
Portugal,Romania,2014,19
Slovakia,Slovakia,2014,1
Slovenia,The former Yugoslav Republic of Macedonia,2014,1
Slovenia,Bulgaria,2014,1
Slovenia,Serbia,2014,1
Slovenia,Slovenia,2014,1
Slovenia,Slovakia,2014,1
Spain,Paraguay,2014,9
Spain,Brazil,2014,6
Spain,Ecuador,2014,2
Spain,Uganda,2014,1
Spain,Cameroon,2014,1
Spain,Colombia,2014,1
Spain,Nigeria,2014,16
Spain,Venezuela (Bolivarian Republic of),2014,1
Spain,Thailand,2014,1
Spain,Dominican Republic,2014,4
Spain,Cuba,2014,1
Spain,Morocco,2014,2
Spain,China,2014,5
Spain,Spain,2014,10
Spain,Bulgaria,2014,14
Spain,Romania,2014,77
Spain,Poland,2014,1
Spain,Russian Federation,2014,1
Sweden,Bulgaria,2014,2
Sweden,Hungary,2014,2
United Kingdom,Uganda,2014,5
United Kingdom,Cameroon,2014,4
United Kingdom,Ghana,2014,6
United Kingdom,Sri Lanka,2014,3
United Kingdom,Sierra Leone,2014,4
United Kingdom,Ethiopia,2014,4
United Kingdom,Nigeria,2014,32
United Kingdom,Gambia,2014,3
United Kingdom,Philippines,2014,4
United Kingdom,Viet Nam,2014,26
United Kingdom,Bangladesh,2014,4
United Kingdom,China,2014,3
United Kingdom,Albania,2014,10
United Kingdom,Bulgaria,2014,5
United Kingdom,Romania,2014,74
United Kingdom,Hungary,2014,28
United Kingdom,Slovakia,2014,106
United Kingdom,Czechia,2014,15
United Kingdom,United Kingdom,2014,99
United Kingdom,Poland,2014,43
United Kingdom,Lithuania,2014,38
United Kingdom,Latvia,2014,3
Austria,Philippines,2015,3
Austria,Turkey,2015,1
Austria,Romania,2015,38
Austria,Serbia,2015,4
Austria,Switzerland,2015,2
Austria,Slovakia,2015,6
Belgium,Bolivia (Plurinational State of),2015,1
Belgium,Brazil,2015,3
Belgium,Congo,2015,3
Belgium,Equatorial Guinea,2015,1
Belgium,Cameroon,2015,3
Belgium,Benin,2015,7
Belgium,Nigeria,2015,8
Belgium,Burkina Faso,2015,2
Belgium,Thailand,2015,4
Belgium,Senegal,2015,1
Belgium,Cote d'Ivoire,2015,2
Belgium,Bangladesh,2015,1
Belgium,India,2015,15
Belgium,Egypt,2015,2
Belgium,Syrian Arab Republic,2015,1
Belgium,Pakistan,2015,1
Belgium,Morocco,2015,10
Belgium,Iran (Islamic Republic of),2015,2
Belgium,Algeria,2015,4
Belgium,Tunisia,2015,1
Belgium,Turkey,2015,1
Belgium,China,2015,3
Belgium,Albania,2015,5
Belgium,Bulgaria,2015,1
Belgium,Romania,2015,3
Belgium,Hungary,2015,2
Belgium,Ukraine,2015,1
Belgium,Poland,2015,1
Belgium,Russian Federation,2015,1
Cyprus,Cameroon,2015,2
Cyprus,Philippines,2015,2
Cyprus,Cote d'Ivoire,2015,1
Cyprus,Viet Nam,2015,1
Cyprus,Bangladesh,2015,5
Cyprus,India,2015,13
Cyprus,Greece,2015,2
Cyprus,Bulgaria,2015,1
Cyprus,Romania,2015,2
Cyprus,Republic of Moldova,2015,2
Cyprus,Ukraine,2015,1
Cyprus,United Kingdom,2015,1
Denmark,Colombia,2015,1
Denmark,Nigeria,2015,35
Denmark,Nicaragua,2015,1
Denmark,Thailand,2015,4
Denmark,Viet Nam,2015,2
Denmark,Morocco,2015,3
Denmark,Afghanistan,2015,1
Denmark,Tunisia,2015,1
Denmark,The former Yugoslav Republic of Macedonia,2015,1
Denmark,Romania,2015,41
Denmark,Ukraine,2015,2
Denmark,Poland,2015,1
Estonia,Estonia,2015,11
Finland,Somalia,2015,5
Finland,Ethiopia,2015,2
Finland,Nigeria,2015,11
Finland,Thailand,2015,1
Finland,Philippines,2015,1
Finland,Viet Nam,2015,2
Finland,Bangladesh,2015,3
Finland,India,2015,2
Finland,Morocco,2015,2
Finland,Turkey,2015,2
Finland,China,2015,4
Finland,Kosovo under UNSCR 1244,2015,1
Finland,Romania,2015,1
Finland,Ukraine,2015,4
Finland,Estonia,2015,1
Finland,Finland,2015,5
Germany,Brazil,2015,1
Germany,Indonesia,2015,1
Germany,Kenya,2015,2
Germany,Cameroon,2015,3
Germany,Ghana,2015,1
Germany,Nigeria,2015,10
Germany,Venezuela (Bolivarian Republic of),2015,2
Germany,Gambia,2015,1
Germany,Thailand,2015,2
Germany,Cote d'Ivoire,2015,2
Germany,Viet Nam,2015,2
Germany,Bangladesh,2015,3
Germany,India,2015,1
Germany,Iraq,2015,1
Germany,Pakistan,2015,1
Germany,Republic of Korea,2015,1
Germany,Portugal,2015,1
Germany,Turkey,2015,5
Germany,China,2015,3
Germany,Spain,2015,1
Germany,Albania,2015,7
Germany,Italy,2015,1
Germany,The former Yugoslav Republic of Macedonia,2015,2
Germany,Bulgaria,2015,75
Germany,Romania,2015,132
Germany,Serbia,2015,8
Germany,Slovenia,2015,1
Germany,Republic of Moldova,2015,4
Germany,Hungary,2015,48
Germany,Slovakia,2015,2
Germany,Czechia,2015,3
Germany,Ukraine,2015,2
Germany,Netherlands,2015,2
Germany,Poland,2015,4
Germany,Germany,2015,98
Germany,Russian Federation,2015,3
Germany,Latvia,2015,1
Germany,Estonia,2015,2
Greece,Greece,2015,5
Greece,Bulgaria,2015,9
Greece,Romania,2015,16
Greece,Republic of Moldova,2015,1
Greece,Poland,2015,1
Hungary,Romania,2015,1
Ireland,South Africa,2015,3
Ireland,Fiji,2015,1
Ireland,Zimbabwe,2015,1
Ireland,Brazil,2015,1
Ireland,Malawi,2015,1
Ireland,Kenya,2015,1
Ireland,Ghana,2015,1
Ireland,Nigeria,2015,13
Ireland,Philippines,2015,2
Ireland,Viet Nam,2015,1
Ireland,Albania,2015,1
Ireland,Bulgaria,2015,3
Ireland,Romania,2015,22
Ireland,Slovakia,2015,4
Ireland,Czechia,2015,1
Ireland,Poland,2015,2
Ireland,Ireland,2015,15
Ireland,Lithuania,2015,5
Italy,Brazil,2015,5
Italy,Ecuador,2015,3
Italy,Nigeria,2015,31
Italy,Burkina Faso,2015,2
Italy,Senegal,2015,2
Italy,Sudan,2015,2
Italy,Dominican Republic,2015,2
Italy,India,2015,22
Italy,Egypt,2015,3
Italy,Morocco,2015,14
Italy,China,2015,2
Italy,Albania,2015,3
Italy,Italy,2015,333
Italy,The former Yugoslav Republic of Macedonia,2015,9
Italy,Bulgaria,2015,5
Italy,Romania,2015,162
Italy,Republic of Moldova,2015,5
Italy,Ukraine,2015,5
Latvia,Lithuania,2015,1
Latvia,Latvia,2015,2
Lithuania,Lithuania,2015,14
Lithuania,Russian Federation,2015,1
Luxembourg,Brazil,2015,2
Luxembourg,Gambia,2015,1
Luxembourg,Morocco,2015,1
Luxembourg,Bulgaria,2015,1
Luxembourg,Romania,2015,1
Luxembourg,Republic of Moldova,2015,1
Luxembourg,Netherlands,2015,1
Malta,China,2015,3
Netherlands,South Africa,2015,2
Netherlands,Brazil,2015,10
Netherlands,Zambia,2015,2
Netherlands,Peru,2015,1
Netherlands,Angola,2015,2
Netherlands,United Republic of Tanzania,2015,1
Netherlands,Indonesia,2015,5
Netherlands,Congo,2015,5
Netherlands,Burundi,2015,5
Netherlands,Rwanda,2015,1
Netherlands,Kenya,2015,1
Netherlands,Ecuador,2015,1
Netherlands,Uganda,2015,24
Netherlands,Somalia,2015,5
Netherlands,Malaysia,2015,1
Netherlands,Cameroon,2015,4
Netherlands,Colombia,2015,4
Netherlands,Ghana,2015,3
Netherlands,Suriname,2015,1
Netherlands,Togo,2015,1
Netherlands,Benin,2015,2
Netherlands,Sri Lanka,2015,1
Netherlands,Sierra Leone,2015,11
Netherlands,Ethiopia,2015,1
Netherlands,Nigeria,2015,44
Netherlands,Guinea,2015,12
Netherlands,Costa Rica,2015,1
Netherlands,Guinea-Bissau,2015,1
Netherlands,Mali,2015,1
Netherlands,Gambia,2015,1
Netherlands,El Salvador,2015,1
Netherlands,Thailand,2015,5
Netherlands,Philippines,2015,24
Netherlands,Senegal,2015,4
Netherlands,Cote d'Ivoire,2015,5
Netherlands,Eritrea,2015,21
Netherlands,Sudan,2015,1
Netherlands,Dominican Republic,2015,2
Netherlands,Viet Nam,2015,30
Netherlands,Oman,2015,1
Netherlands,Bangladesh,2015,2
Netherlands,Nepal,2015,3
Netherlands,India,2015,14
Netherlands,Egypt,2015,1
Netherlands,Iraq,2015,6
Netherlands,Syrian Arab Republic,2015,14
Netherlands,Morocco,2015,18
Netherlands,Afghanistan,2015,28
Netherlands,Cyprus,2015,1
Netherlands,Iran (Islamic Republic of),2015,4
Netherlands,Tunisia,2015,1
Netherlands,Portugal,2015,4
Netherlands,Democratic People's Republic of Korea,2015,8
Netherlands,Turkey,2015,6
Netherlands,China,2015,16
Netherlands,Armenia,2015,1
Netherlands,Azerbaijan,2015,1
Netherlands,Spain,2015,4
Netherlands,Albania,2015,2
Netherlands,Georgia,2015,2
Netherlands,Italy,2015,2
Netherlands,Kosovo under UNSCR 1244,2015,1
Netherlands,Bulgaria,2015,85
Netherlands,Kyrgyzstan,2015,1
Netherlands,Bosnia and Herzegovina,2015,3
Netherlands,Romania,2015,44
Netherlands,Serbia,2015,1
Netherlands,Republic of Moldova,2015,2
Netherlands,Hungary,2015,33
Netherlands,Mongolia,2015,9
Netherlands,Slovakia,2015,9
Netherlands,France,2015,1
Netherlands,Czechia,2015,2
Netherlands,Ukraine,2015,10
Netherlands,Belgium,2015,1
Netherlands,Netherlands,2015,433
Netherlands,Poland,2015,90
Netherlands,Germany,2015,1
Netherlands,Lithuania,2015,4
Netherlands,Russian Federation,2015,5
Netherlands,Latvia,2015,2
Netherlands,Sweden,2015,1
Poland,Sri Lanka,2015,9
Poland,Viet Nam,2015,31
Poland,Morocco,2015,2
Poland,Bulgaria,2015,6
Poland,Romania,2015,2
Poland,Ukraine,2015,36
Poland,Poland,2015,3
Portugal,Brazil,2015,5
Portugal,Angola,2015,5
Portugal,Nigeria,2015,3
Portugal,Portugal,2015,14
Portugal,Romania,2015,15
Slovakia,Philippines,2015,1
Slovakia,Slovakia,2015,2
Slovenia,Dominican Republic,2015,1
Slovenia,The former Yugoslav Republic of Macedonia,2015,3
Slovenia,Bulgaria,2015,1
Slovenia,Serbia,2015,11
Slovenia,Slovenia,2015,2
Slovenia,Hungary,2015,2
Slovenia,Slovakia,2015,2
Slovenia,Czechia,2015,7
Slovenia,Ukraine,2015,17
Spain,Paraguay,2015,10
Spain,Brazil,2015,5
Spain,Malawi,2015,1
Spain,Congo,2015,1
Spain,Rwanda,2015,1
Spain,Kenya,2015,1
Spain,Uganda,2015,1
Spain,Equatorial Guinea,2015,1
Spain,Cameroon,2015,1
Spain,Colombia,2015,6
Spain,Ghana,2015,1
Spain,Benin,2015,1
Spain,Nigeria,2015,17
Spain,Costa Rica,2015,1
Spain,Venezuela (Bolivarian Republic of),2015,2
Spain,Dominican Republic,2015,4
Spain,Cuba,2015,2
Spain,India,2015,1
Spain,Pakistan,2015,10
Spain,Morocco,2015,8
Spain,Portugal,2015,38
Spain,China,2015,49
Spain,Spain,2015,22
Spain,Georgia,2015,1
Spain,Italy,2015,1
Spain,Bulgaria,2015,11
Spain,Bosnia and Herzegovina,2015,1
Spain,Romania,2015,42
Spain,Slovenia,2015,1
Spain,Republic of Moldova,2015,1
Spain,France,2015,1
Spain,Ukraine,2015,2
Spain,Belgium,2015,1
Spain,Lithuania,2015,17
Spain,Russian Federation,2015,4
Sweden,Romania,2015,2
United Kingdom,Kenya,2015,5
United Kingdom,Sierra Leone,2015,4
United Kingdom,Ethiopia,2015,4
United Kingdom,Nigeria,2015,23
United Kingdom,Philippines,2015,3
United Kingdom,Viet Nam,2015,48
United Kingdom,Bangladesh,2015,5
United Kingdom,India,2015,4
United Kingdom,Pakistan,2015,4
United Kingdom,China,2015,4
United Kingdom,Spain,2015,3
United Kingdom,Albania,2015,12
United Kingdom,Bulgaria,2015,18
United Kingdom,Romania,2015,69
United Kingdom,Hungary,2015,17
United Kingdom,Slovakia,2015,50
United Kingdom,Czechia,2015,26
United Kingdom,United Kingdom,2015,135
United Kingdom,Netherlands,2015,3
United Kingdom,Poland,2015,99
United Kingdom,Lithuania,2015,29
United Kingdom,Latvia,2015,3
Austria,Others,2016,44
Austria,Peru,2016,1
Austria,Nigeria,2016,15
Austria,Philippines,2016,2
Austria,Nepal,2016,2
Austria,Romania,2016,20
Austria,Serbia,2016,3
Austria,Slovakia,2016,5
Belgium,Brazil,2016,1
Belgium,Ghana,2016,3
Belgium,Ethiopia,2016,1
Belgium,Nigeria,2016,19
Belgium,Thailand,2016,4
Belgium,Senegal,2016,1
Belgium,Cote d'Ivoire,2016,2
Belgium,Viet Nam,2016,1
Belgium,Bangladesh,2016,1
Belgium,India,2016,2
Belgium,Egypt,2016,2
Belgium,Iraq,2016,2
Belgium,Pakistan,2016,2
Belgium,Morocco,2016,19
Belgium,Iran (Islamic Republic of),2016,2
Belgium,Algeria,2016,2
Belgium,Turkey,2016,1
Belgium,China,2016,2
Belgium,Spain,2016,3
Belgium,Bulgaria,2016,2
Belgium,Romania,2016,8
Belgium,Serbia,2016,2
Belgium,Croatia,2016,1
Belgium,Hungary,2016,1
Cyprus,Viet Nam,2016,2
Cyprus,Egypt,2016,1
Cyprus,Syrian Arab Republic,2016,1
Cyprus,Greece,2016,2
Cyprus,Bulgaria,2016,6
Cyprus,Romania,2016,12
Cyprus,Ukraine,2016,2
Cyprus,Latvia,2016,4
Denmark,Myanmar,2016,1
Denmark,Kenya,2016,1
Denmark,Uganda,2016,3
Denmark,Somalia,2016,3
Denmark,Equatorial Guinea,2016,1
Denmark,Ethiopia,2016,1
Denmark,Nigeria,2016,99
Denmark,Thailand,2016,5
Denmark,Sudan,2016,1
Denmark,Bangladesh,2016,1
Denmark,Morocco,2016,1
Denmark,Afghanistan,2016,1
Denmark,Bulgaria,2016,1
Denmark,Romania,2016,2
Denmark,Serbia,2016,1
Estonia,Estonia,2016,7
Finland,Zambia,2016,1
Finland,Angola,2016,1
Finland,Uganda,2016,1
Finland,Somalia,2016,23
Finland,Cameroon,2016,1
Finland,Liberia,2016,1
Finland,Ethiopia,2016,1
Finland,Nigeria,2016,22
Finland,Cambodia,2016,1
Finland,Gambia,2016,1
Finland,Thailand,2016,26
Finland,Philippines,2016,1
Finland,Eritrea,2016,1
Finland,Bangladesh,2016,7
Finland,Nepal,2016,1
Finland,India,2016,1
Finland,Iraq,2016,10
Finland,Morocco,2016,1
Finland,Afghanistan,2016,15
Finland,Iran (Islamic Republic of),2016,1
Finland,Belarus,2016,1
Finland,Latvia,2016,1
France,Others,2016,144
France,Mauritius,2016,16
France,Peru,2016,24
France,Cameroon,2016,17
France,Colombia,2016,10
France,Nigeria,2016,93
France,Dominican Republic,2016,13
France,Bangladesh,2016,15
France,Morocco,2016,49
France,Portugal,2016,12
France,China,2016,205
France,Albania,2016,17
France,Bulgaria,2016,48
France,Romania,2016,101
France,Hungary,2016,11
France,France,2016,565
Germany,Bolivia (Plurinational State of),2016,1
Germany,Brazil,2016,1
Germany,Rwanda,2016,1
Germany,Ecuador,2016,1
Germany,Cameroon,2016,1
Germany,Ghana,2016,5
Germany,Nigeria,2016,25
Germany,Guinea,2016,3
Germany,Gambia,2016,2
Germany,Thailand,2016,4
Germany,Viet Nam,2016,1
Germany,Bangladesh,2016,1
Germany,Nepal,2016,1
Germany,India,2016,1
Germany,Syrian Arab Republic,2016,2
Germany,Pakistan,2016,1
Germany,Afghanistan,2016,1
Germany,China,2016,5
Germany,Spain,2016,2
Germany,Albania,2016,4
Germany,Italy,2016,7
Germany,The former Yugoslav Republic of Macedonia,2016,1
Germany,Bulgaria,2016,92
Germany,Bosnia and Herzegovina,2016,6
Germany,Romania,2016,79
Germany,Serbia,2016,2
Germany,Croatia,2016,1
Germany,Switzerland,2016,2
Germany,Republic of Moldova,2016,5
Germany,Hungary,2016,33
Germany,Slovakia,2016,3
Germany,Austria,2016,1
Germany,Czechia,2016,9
Germany,Ukraine,2016,47
Germany,Netherlands,2016,1
Germany,Poland,2016,22
Germany,Germany,2016,127
Germany,Russian Federation,2016,1
Germany,Latvia,2016,2
Greece,Nigeria,2016,1
Greece,Afghanistan,2016,1
Greece,Greece,2016,11
Greece,Albania,2016,4
Greece,Bulgaria,2016,4
Greece,Romania,2016,20
Greece,Republic of Moldova,2016,2
Greece,Hungary,2016,1
Greece,Ukraine,2016,2
Hungary,Romania,2016,1
Hungary,Slovakia,2016,1
Ireland,South Africa,2016,1
Ireland,Zimbabwe,2016,2
Ireland,Bolivia (Plurinational State of),2016,1
Ireland,Brazil,2016,3
Ireland,Uganda,2016,1
Ireland,Ghana,2016,1
Ireland,Sierra Leone,2016,1
Ireland,Ethiopia,2016,1
Ireland,Nigeria,2016,10
Ireland,Philippines,2016,1
Ireland,Viet Nam,2016,1
Ireland,India,2016,1
Ireland,Pakistan,2016,2
Ireland,Portugal,2016,1
Ireland,China,2016,1
Ireland,Italy,2016,1
Ireland,Romania,2016,39
Ireland,Serbia,2016,1
Ireland,Hungary,2016,1
Ireland,Poland,2016,1
Ireland,Ireland,2016,19
Ireland,Lithuania,2016,5
Italy,Brazil,2016,3
Italy,Colombia,2016,2
Italy,Nigeria,2016,103
Italy,Gambia,2016,3
Italy,Philippines,2016,2
Italy,Bangladesh,2016,16
Italy,India,2016,10
Italy,Egypt,2016,4
Italy,Pakistan,2016,5
Italy,Morocco,2016,19
Italy,Tunisia,2016,5
Italy,China,2016,3
Italy,Albania,2016,5
Italy,Italy,2016,392
Italy,Bulgaria,2016,7
Italy,Romania,2016,66
Italy,Serbia,2016,3
Italy,Republic of Moldova,2016,4
Italy,Russian Federation,2016,2
Latvia,Latvia,2016,11
Lithuania,Colombia,2016,1
Lithuania,Lithuania,2016,10
Luxembourg,Brazil,2016,3
Luxembourg,Colombia,2016,1
Luxembourg,Nigeria,2016,1
Luxembourg,Guinea-Bissau,2016,1
Luxembourg,Pakistan,2016,1
Luxembourg,China,2016,3
Luxembourg,Albania,2016,1
Luxembourg,Romania,2016,5
Malta,Philippines,2016,31
Netherlands,Others,2016,81
Netherlands,Myanmar,2016,2
Netherlands,Brazil,2016,7
Netherlands,Zambia,2016,1
Netherlands,Angola,2016,5
Netherlands,Indonesia,2016,13
Netherlands,Congo,2016,11
Netherlands,Uganda,2016,20
Netherlands,Somalia,2016,3
Netherlands,Ghana,2016,3
Netherlands,Suriname,2016,2
Netherlands,Liberia,2016,2
Netherlands,Benin,2016,4
Netherlands,Sierra Leone,2016,19
Netherlands,Nigeria,2016,46
Netherlands,Guinea,2016,18
Netherlands,Venezuela (Bolivarian Republic of),2016,5
Netherlands,Guinea-Bissau,2016,1
Netherlands,Mali,2016,2
Netherlands,Gambia,2016,3
Netherlands,El Salvador,2016,1
Netherlands,Thailand,2016,4
Netherlands,Philippines,2016,8
Netherlands,Senegal,2016,1
Netherlands,Cote d'Ivoire,2016,3
Netherlands,Eritrea,2016,16
Netherlands,Sudan,2016,2
Netherlands,Dominican Republic,2016,4
Netherlands,Mexico,2016,1
Netherlands,Viet Nam,2016,27
Netherlands,Nepal,2016,3
Netherlands,India,2016,4
Netherlands,Egypt,2016,2
Netherlands,Iraq,2016,1
Netherlands,Syrian Arab Republic,2016,11
Netherlands,Pakistan,2016,1
Netherlands,Morocco,2016,12
Netherlands,Afghanistan,2016,9
Netherlands,Iran (Islamic Republic of),2016,6
Netherlands,Turkey,2016,1
Netherlands,China,2016,17
Netherlands,Armenia,2016,2
Netherlands,Spain,2016,3
Netherlands,Albania,2016,7
Netherlands,Italy,2016,1
Netherlands,Bulgaria,2016,41
Netherlands,Bosnia and Herzegovina,2016,8
Netherlands,Romania,2016,66
Netherlands,Serbia,2016,3
Netherlands,Canada,2016,1
Netherlands,Croatia,2016,1
Netherlands,Republic of Moldova,2016,1
Netherlands,Hungary,2016,33
Netherlands,Mongolia,2016,5
Netherlands,Slovakia,2016,5
Netherlands,Austria,2016,1
Netherlands,Czechia,2016,7
Netherlands,Ukraine,2016,3
Netherlands,Belgium,2016,3
Netherlands,Netherlands,2016,288
Netherlands,Poland,2016,69
Netherlands,Germany,2016,5
Netherlands,Belarus,2016,1
Netherlands,Lithuania,2016,3
Netherlands,Russian Federation,2016,3
Netherlands,Latvia,2016,6
Poland,Zimbabwe,2016,2
Poland,Congo,2016,1
Poland,Viet Nam,2016,2
Poland,The former Yugoslav Republic of Macedonia,2016,7
Poland,Bulgaria,2016,1
Poland,Romania,2016,1
Poland,Serbia,2016,1
Poland,Ukraine,2016,129
Poland,Poland,2016,2
Portugal,Others,2016,6
Portugal,Brazil,2016,3
Portugal,Nepal,2016,40
Portugal,India,2016,3
Portugal,Pakistan,2016,5
Portugal,Portugal,2016,8
Portugal,Bulgaria,2016,11
Portugal,Romania,2016,31
Slovakia,Viet Nam,2016,1
Slovakia,Romania,2016,3
Slovakia,Slovakia,2016,7
Slovenia,Others,2016,6
Slovenia,Bulgaria,2016,2
Slovenia,Bosnia and Herzegovina,2016,1
Slovenia,Serbia,2016,4
Slovenia,Slovenia,2016,3
Slovenia,Republic of Moldova,2016,7
Slovenia,Ukraine,2016,4
Spain,Paraguay,2016,7
Spain,Bolivia (Plurinational State of),2016,4
Spain,Brazil,2016,3
Spain,Congo,2016,1
Spain,Colombia,2016,1
Spain,Ghana,2016,2
Spain,Nigeria,2016,37
Spain,Guinea,2016,2
Spain,Venezuela (Bolivarian Republic of),2016,3
Spain,Pakistan,2016,1
Spain,Morocco,2016,1
Spain,Portugal,2016,7
Spain,China,2016,37
Spain,Spain,2016,3
Spain,Bulgaria,2016,11
Spain,Bosnia and Herzegovina,2016,8
Spain,Romania,2016,57
Spain,Croatia,2016,3
Spain,Republic of Moldova,2016,4
Spain,Hungary,2016,1
Sweden,Bulgaria,2016,5
Sweden,Romania,2016,2
United Kingdom,Uganda,2016,5
United Kingdom,Somalia,2016,2
United Kingdom,Ghana,2016,3
United Kingdom,Nigeria,2016,17
United Kingdom,Gambia,2016,3
United Kingdom,Thailand,2016,2
United Kingdom,Viet Nam,2016,37
United Kingdom,Bangladesh,2016,3
United Kingdom,India,2016,3
United Kingdom,Pakistan,2016,2
United Kingdom,China,2016,4
United Kingdom,Albania,2016,7
United Kingdom,Bulgaria,2016,4
United Kingdom,Romania,2016,76
United Kingdom,Hungary,2016,19
United Kingdom,Slovakia,2016,30
United Kingdom,Czechia,2016,21
United Kingdom,United Kingdom,2016,219
United Kingdom,Netherlands,2016,2
United Kingdom,Poland,2016,88
United Kingdom,Lithuania,2016,16
United Kingdom,Latvia,2016,12
Austria,Paraguay,2017,2
Austria,Nigeria,2017,14
Austria,Philippines,2017,1
Austria,Turkey,2017,1
Austria,Romania,2017,9
Austria,Serbia,2017,3
Austria,Slovakia,2017,1
Austria,Poland,2017,1
Cyprus,Cameroon,2017,1
Cyprus,Philippines,2017,1
Cyprus,Cote d'Ivoire,2017,1
Cyprus,Eritrea,2017,1
Cyprus,Romania,2017,4
Cyprus,Russian Federation,2017,1
Denmark,Brazil,2017,1
Denmark,Congo,2017,2
Denmark,Ghana,2017,2
Denmark,Nigeria,2017,40
Denmark,Gambia,2017,1
Denmark,Thailand,2017,12
Denmark,Morocco,2017,1
Denmark,China,2017,1
Denmark,Serbia,2017,1
Estonia,Estonia,2017,9
Finland,Congo,2017,1
Finland,Rwanda,2017,1
Finland,Somalia,2017,8
Finland,Ghana,2017,1
Finland,Togo,2017,1
Finland,Nigeria,2017,8
Finland,Gambia,2017,1
Finland,Thailand,2017,1
Finland,Philippines,2017,1
Finland,Senegal,2017,1
Finland,Eritrea,2017,1
Finland,Bangladesh,2017,1
Finland,Nepal,2017,1
Finland,Iraq,2017,6
Finland,Morocco,2017,1
Finland,Afghanistan,2017,11
Finland,China,2017,1
Finland,Romania,2017,1
Finland,Ukraine,2017,1
Hungary,Iran (Islamic Republic of),2017,1
Hungary,China,2017,6
Hungary,Slovakia,2017,2
Hungary,United Kingdom,2017,2
Hungary,Poland,2017,1
Hungary,Denmark,2017,1
Latvia,Tajikistan,2017,2
Latvia,Latvia,2017,4
Luxembourg,Colombia,2017,1
Luxembourg,Philippines,2017,1
Luxembourg,China,2017,1
Luxembourg,Albania,2017,7
Luxembourg,Romania,2017,3
Luxembourg,Ukraine,2017,1
Poland,Nigeria,2017,1
Poland,Republic of Moldova,2017,1
Poland,Ukraine,2017,22
Poland,Poland,2017,70
Slovakia,Hungary,2017,1
Slovakia,Slovakia,2017,19
Slovakia,Ukraine,2017,1
Slovenia,Kosovo under UNSCR 1244,2017,4
Slovenia,Bulgaria,2017,4
Slovenia,Bosnia and Herzegovina,2017,6
Slovenia,Romania,2017,1
Slovenia,Serbia,2017,16
Slovenia,Slovenia,2017,2
Slovenia,Slovakia,2017,2
United Kingdom,Viet Nam,2017,3
United Kingdom,India,2017,1
United Kingdom,Bulgaria,2017,1
United Kingdom,Romania,2017,3
United Kingdom,Czechia,2017,1
United Kingdom,United Kingdom,2017,18
United Kingdom,Poland,2017,2
